-- MySQL dump 10.13  Distrib 8.0.28, for Linux (x86_64)
--
-- Host: localhost    Database: orderManSys
-- ------------------------------------------------------
-- Server version	8.0.28-0ubuntu0.20.04.3

/*!40101 SET @OLD_CHARACTER_SET_CLIENT=@@CHARACTER_SET_CLIENT */;
/*!40101 SET @OLD_CHARACTER_SET_RESULTS=@@CHARACTER_SET_RESULTS */;
/*!40101 SET @OLD_COLLATION_CONNECTION=@@COLLATION_CONNECTION */;
/*!50503 SET NAMES utf8mb4 */;
/*!40103 SET @OLD_TIME_ZONE=@@TIME_ZONE */;
/*!40103 SET TIME_ZONE='+00:00' */;
/*!40014 SET @OLD_UNIQUE_CHECKS=@@UNIQUE_CHECKS, UNIQUE_CHECKS=0 */;
/*!40014 SET @OLD_FOREIGN_KEY_CHECKS=@@FOREIGN_KEY_CHECKS, FOREIGN_KEY_CHECKS=0 */;
/*!40101 SET @OLD_SQL_MODE=@@SQL_MODE, SQL_MODE='NO_AUTO_VALUE_ON_ZERO' */;
/*!40111 SET @OLD_SQL_NOTES=@@SQL_NOTES, SQL_NOTES=0 */;

--
-- Table structure for table `CommercialOfferAssembly`
--

DROP TABLE IF EXISTS `CommercialOfferAssembly`;
/*!40101 SET @saved_cs_client     = @@character_set_client */;
/*!50503 SET character_set_client = utf8mb4 */;
CREATE TABLE `CommercialOfferAssembly` (
  `id` bigint NOT NULL AUTO_INCREMENT,
  `Contractor_id` int NOT NULL,
  `TypeAssembly_id` int NOT NULL,
  `OrderSp_id` bigint NOT NULL,
  `price` decimal(20,6) NOT NULL,
  `LeadTime` int NOT NULL,
  `ForOffer` tinyint(1) DEFAULT NULL,
  `ForPurchase` tinyint(1) DEFAULT NULL,
  `Invoice_id` bigint DEFAULT NULL,
  `LastUpdate` timestamp NOT NULL DEFAULT CURRENT_TIMESTAMP ON UPDATE CURRENT_TIMESTAMP,
  PRIMARY KEY (`id`),
  KEY `FK_156` (`Contractor_id`),
  KEY `FK_159` (`TypeAssembly_id`),
  KEY `FK_165` (`OrderSp_id`),
  KEY `FK_242` (`Invoice_id`),
  CONSTRAINT `FK_156` FOREIGN KEY (`Contractor_id`) REFERENCES `Organization` (`id`),
  CONSTRAINT `FK_159` FOREIGN KEY (`TypeAssembly_id`) REFERENCES `TypeAssembly` (`id`),
  CONSTRAINT `FK_165` FOREIGN KEY (`OrderSp_id`) REFERENCES `OrderSpecification` (`id`),
  CONSTRAINT `FK_242` FOREIGN KEY (`Invoice_id`) REFERENCES `Invoice` (`id`)
) ENGINE=InnoDB DEFAULT CHARSET=utf8mb4 COLLATE=utf8mb4_0900_ai_ci;
/*!40101 SET character_set_client = @saved_cs_client */;

--
-- Dumping data for table `CommercialOfferAssembly`
--

LOCK TABLES `CommercialOfferAssembly` WRITE;
/*!40000 ALTER TABLE `CommercialOfferAssembly` DISABLE KEYS */;
/*!40000 ALTER TABLE `CommercialOfferAssembly` ENABLE KEYS */;
UNLOCK TABLES;

--
-- Table structure for table `CommercialOfferGoods`
--

DROP TABLE IF EXISTS `CommercialOfferGoods`;
/*!40101 SET @saved_cs_client     = @@character_set_client */;
/*!50503 SET character_set_client = utf8mb4 */;
CREATE TABLE `CommercialOfferGoods` (
  `id` bigint NOT NULL AUTO_INCREMENT,
  `GoodsManufacture_id` bigint NOT NULL,
  `QuantityPurchase` decimal(20,6) NOT NULL,
  `PricePurchase` decimal(20,6) NOT NULL,
  `Currency` varchar(250) NOT NULL,
  `PriceSale` decimal(20,6) NOT NULL,
  `DeliveryTime` int NOT NULL,
  `MinQuota` tinyint(1) NOT NULL,
  `Manufacture_id` int NOT NULL,
  `Supplier_id` int NOT NULL,
  `Manager_id` int NOT NULL,
  `Description` text,
  `Invoice_id` bigint NOT NULL DEFAULT '1',
  `OrderSailor` varchar(250) NOT NULL DEFAULT '',
  `LastUpdate` timestamp NOT NULL DEFAULT CURRENT_TIMESTAMP ON UPDATE CURRENT_TIMESTAMP,
  PRIMARY KEY (`id`),
  KEY `FK_193` (`GoodsManufacture_id`),
  KEY `FK_196` (`Manufacture_id`),
  KEY `FK_199` (`Supplier_id`),
  KEY `FK_202` (`Manager_id`),
  KEY `FK_245` (`Invoice_id`),
  CONSTRAINT `FK_193` FOREIGN KEY (`GoodsManufacture_id`) REFERENCES `Goods` (`id`),
  CONSTRAINT `FK_196` FOREIGN KEY (`Manufacture_id`) REFERENCES `Organization` (`id`),
  CONSTRAINT `FK_199` FOREIGN KEY (`Supplier_id`) REFERENCES `Organization` (`id`),
  CONSTRAINT `FK_202` FOREIGN KEY (`Manager_id`) REFERENCES `People` (`id`),
  CONSTRAINT `FK_245` FOREIGN KEY (`Invoice_id`) REFERENCES `Invoice` (`id`),
  CONSTRAINT `Check_Price` CHECK ((`PricePurchase` >= 0))
) ENGINE=InnoDB AUTO_INCREMENT=257 DEFAULT CHARSET=utf8mb4 COLLATE=utf8mb4_0900_ai_ci;
/*!40101 SET character_set_client = @saved_cs_client */;

--
-- Dumping data for table `CommercialOfferGoods`
--

LOCK TABLES `CommercialOfferGoods` WRITE;
/*!40000 ALTER TABLE `CommercialOfferGoods` DISABLE KEYS */;
INSERT INTO `CommercialOfferGoods` VALUES (1,1,0.000000,0.000000,'\'\'',0.000000,0,0,1,1,1,'\'\'',1,'','2022-03-16 12:03:21'),(2,1,70.000000,1.670000,'USD',254.090000,8,0,3,3,2,NULL,1,'','2022-03-16 12:12:49'),(3,2,14.000000,0.272000,'USD',41.380000,8,0,3,3,2,NULL,1,'','2022-03-16 12:12:49'),(4,3,28.000000,0.302000,'USD',45.950000,8,0,3,3,2,NULL,1,'','2022-03-16 12:12:49'),(5,4,14.000000,0.245000,'USD',37.280000,8,0,3,3,2,NULL,1,'','2022-03-16 12:12:49'),(6,5,14.000000,0.235000,'USD',35.760000,8,0,3,3,2,NULL,1,'','2022-03-16 12:12:49'),(7,6,42.000000,12.800000,'руб.',15.360000,3,0,3,3,2,NULL,1,'','2022-03-16 12:12:49'),(8,7,84.000000,8.200000,'руб.',9.840000,3,0,3,3,2,NULL,1,'','2022-03-16 12:12:49'),(9,8,70.000000,10.900000,'USD',1658.440000,8,0,3,3,2,NULL,1,'','2022-03-16 12:12:49'),(10,9,28.000000,2.670000,'USD',406.240000,8,0,3,3,2,NULL,1,'','2022-03-16 12:12:49'),(11,10,56.000000,1.243800,'USD',189.240000,8,0,3,3,2,NULL,1,'','2022-03-16 12:12:49'),(12,11,14.000000,0.728000,'USD',110.770000,8,0,3,3,2,NULL,1,'','2022-03-16 12:12:49'),(13,12,42.000000,1.330000,'USD',202.360000,8,0,3,3,2,NULL,1,'','2022-03-16 12:12:49'),(14,13,14.000000,0.670000,'USD',74.040000,4,0,3,3,2,NULL,1,'','2022-03-16 12:12:49'),(15,14,14.000000,0.327000,'USD',49.750000,8,0,3,3,2,NULL,1,'','2022-03-16 12:12:49'),(16,15,14.000000,1.800000,'руб.',2.160000,3,0,3,3,2,NULL,1,'','2022-03-16 12:12:49'),(17,16,56.000000,3.600000,'руб.',4.320000,3,0,3,3,2,NULL,1,'','2022-03-16 12:12:49'),(18,17,56.000000,0.500000,'руб.',0.600000,3,0,3,3,2,NULL,1,'','2022-03-16 12:12:49'),(19,18,14.000000,0.500000,'руб.',0.600000,3,0,3,3,2,NULL,1,'','2022-03-16 12:12:49'),(20,19,42.000000,0.500000,'руб.',0.600000,3,0,3,3,2,NULL,1,'','2022-03-16 12:12:49'),(21,20,210.000000,0.500000,'руб.',0.600000,3,0,3,3,2,NULL,1,'','2022-03-16 12:12:49'),(22,21,28.000000,0.500000,'руб.',0.600000,3,0,3,3,2,NULL,1,'','2022-03-16 12:12:49'),(23,22,112.000000,0.500000,'руб.',0.600000,3,0,3,3,2,NULL,1,'','2022-03-16 12:12:49'),(24,23,70.000000,0.500000,'руб.',0.600000,3,0,3,3,2,NULL,1,'','2022-03-16 12:12:49'),(25,24,56.000000,0.500000,'руб.',0.600000,3,0,3,3,2,NULL,1,'','2022-03-16 12:12:49'),(26,25,14.000000,0.500000,'руб.',0.600000,3,0,3,3,2,NULL,1,'','2022-03-16 12:12:49'),(27,26,14.000000,0.500000,'руб.',0.600000,3,0,3,3,2,NULL,1,'','2022-03-16 12:12:49'),(28,27,84.000000,0.500000,'руб.',0.600000,3,0,3,3,2,NULL,1,'','2022-03-16 12:12:49'),(29,28,14.000000,0.500000,'руб.',0.600000,3,0,3,3,2,NULL,1,'','2022-03-16 12:12:49'),(30,29,14.000000,0.500000,'руб.',0.600000,3,0,3,3,2,NULL,1,'','2022-03-16 12:12:49'),(31,30,42.000000,0.500000,'руб.',0.600000,3,0,3,3,2,NULL,1,'','2022-03-16 12:12:49'),(32,31,14.000000,0.500000,'руб.',0.600000,3,0,3,3,2,NULL,1,'','2022-03-16 12:12:49'),(33,32,28.000000,0.500000,'руб.',0.600000,3,0,3,3,2,NULL,1,'','2022-03-16 12:12:49'),(34,33,112.000000,0.500000,'руб.',0.600000,3,0,3,3,2,NULL,1,'','2022-03-16 12:12:49'),(35,34,42.000000,0.500000,'руб.',0.600000,3,0,3,3,2,NULL,1,'','2022-03-16 12:12:49'),(36,35,84.000000,0.500000,'руб.',0.600000,3,0,3,3,2,NULL,1,'','2022-03-16 12:12:49'),(37,36,14.000000,0.500000,'руб.',0.600000,3,0,3,3,2,NULL,1,'','2022-03-16 12:12:49'),(38,37,70.000000,0.500000,'руб.',0.600000,3,0,3,3,2,NULL,1,'','2022-03-16 12:12:49'),(39,38,154.000000,0.640000,'USD',70.720000,4,0,3,3,2,NULL,1,'','2022-03-16 12:12:49'),(40,39,70.000000,0.160000,'USD',24.340000,8,0,3,3,2,NULL,1,'','2022-03-16 12:12:49'),(41,40,28.000000,0.158000,'USD',24.040000,8,0,3,3,2,NULL,1,'','2022-03-16 12:12:49'),(42,41,14.000000,1.500000,'USD',165.750000,4,0,3,3,2,NULL,1,'','2022-03-16 12:12:49'),(43,42,14.000000,1.786000,'USD',271.740000,8,0,3,3,2,NULL,1,'','2022-03-16 12:12:49'),(44,43,14.000000,1.476470,'USD',163.150000,4,0,3,3,2,NULL,1,'','2022-03-16 12:12:49'),(45,44,28.000000,0.276600,'USD',42.080000,8,0,3,3,2,NULL,1,'','2022-03-16 12:12:49'),(46,45,70.000000,2.062000,'USD',313.730000,8,0,3,3,2,NULL,1,'','2022-03-16 12:12:49'),(47,46,14.000000,5.680000,'USD',864.210000,8,0,3,3,2,NULL,1,'','2022-03-16 12:12:49'),(48,47,70.000000,1.300000,'руб.',1.560000,3,0,3,3,2,NULL,1,'','2022-03-16 12:12:49'),(49,48,42.000000,0.500000,'руб.',0.600000,3,0,3,3,2,NULL,1,'','2022-03-16 12:12:49'),(50,49,42.000000,0.650000,'руб.',0.780000,3,0,3,3,2,NULL,1,'','2022-03-16 12:12:49'),(51,50,42.000000,3.100000,'руб.',3.720000,3,0,3,3,2,NULL,1,'','2022-03-16 12:12:49'),(52,51,42.000000,4.100000,'руб.',4.920000,3,0,3,3,2,NULL,1,'','2022-03-16 12:12:49'),(53,52,28.000000,1.320000,'USD',200.840000,8,0,3,3,2,NULL,1,'','2022-03-16 12:12:49'),(54,53,28.000000,30.100000,'руб.',36.120000,3,0,3,3,2,NULL,1,'','2022-03-16 12:12:49'),(55,54,70.000000,0.480000,'USD',53.040000,4,0,3,3,2,NULL,1,'','2022-03-16 12:12:49'),(56,55,14.000000,2.900000,'руб.',3.480000,3,0,3,3,2,NULL,1,'','2022-03-16 12:12:49'),(57,56,126.000000,4.800000,'руб.',5.760000,3,0,3,3,2,NULL,1,'','2022-03-16 12:12:49'),(58,57,14.000000,4.700000,'руб.',5.640000,3,0,3,3,2,NULL,1,'','2022-03-16 12:12:49'),(59,58,42.000000,2.209000,'USD',336.100000,8,0,3,3,2,NULL,1,'','2022-03-16 12:12:49'),(60,59,70.000000,0.130500,'USD',19.860000,8,0,3,3,2,NULL,1,'','2022-03-16 12:12:49'),(61,60,14.000000,1.670000,'USD',254.090000,8,0,3,3,2,NULL,1,'','2022-03-16 12:12:49'),(62,61,84.000000,1.760000,'USD',194.480000,4,0,3,3,2,NULL,1,'','2022-03-16 12:12:49'),(63,62,14.000000,0.634100,'USD',87.320000,8,0,3,3,2,NULL,1,'','2022-03-16 12:12:49'),(64,63,42.000000,3.370000,'USD',372.390000,4,0,3,3,2,NULL,1,'','2022-03-16 12:12:49'),(65,64,42.000000,0.070900,'USD',10.790000,8,0,3,3,2,NULL,1,'','2022-03-16 12:12:49'),(66,65,84.000000,0.037600,'USD',5.720000,8,0,3,3,2,NULL,1,'','2022-03-16 12:12:49'),(67,66,42.000000,0.073900,'USD',10.180000,8,0,3,3,2,NULL,1,'','2022-03-16 12:12:49'),(68,67,42.000000,0.055100,'USD',8.380000,8,0,3,3,2,NULL,1,'','2022-03-16 12:12:49'),(69,68,70.000000,4.600000,'руб.',5.520000,3,0,3,3,2,NULL,1,'','2022-03-16 12:12:49'),(70,69,56.000000,0.850000,'руб.',1.020000,3,0,3,3,2,NULL,1,'','2022-03-16 12:12:49'),(71,70,14.000000,0.271000,'USD',41.230000,8,0,3,3,2,NULL,1,'','2022-03-16 12:12:49'),(72,71,84.000000,0.259000,'USD',39.410000,8,0,3,3,2,NULL,1,'','2022-03-16 12:12:49'),(73,72,28.000000,0.569900,'USD',78.480000,8,0,3,3,2,NULL,1,'','2022-03-16 12:12:49'),(74,73,70.000000,0.758600,'USD',115.420000,8,0,3,3,2,NULL,1,'','2022-03-16 12:12:49'),(75,74,42.000000,3.355000,'USD',510.460000,8,0,3,3,2,NULL,1,'','2022-03-16 12:12:49'),(76,75,42.000000,8.850000,'USD',1346.530000,8,0,3,3,2,NULL,1,'','2022-03-16 12:12:49'),(77,76,14.000000,12.100000,'USD',1841.020000,8,0,3,3,2,NULL,1,'','2022-03-16 12:12:49'),(78,77,14.000000,9.420000,'USD',1433.250000,8,0,3,3,2,NULL,1,'','2022-03-16 12:12:49'),(79,78,56.000000,2.295000,'USD',349.180000,8,0,3,3,2,NULL,1,'','2022-03-16 12:12:49'),(80,79,42.000000,13.240000,'USD',2014.470000,8,0,3,3,2,NULL,1,'','2022-03-16 12:12:49'),(81,80,56.000000,4.137000,'USD',629.440000,8,0,3,3,2,NULL,1,'','2022-03-16 12:12:49'),(82,81,56.000000,178.880000,'руб.',214.660000,21,0,3,3,2,NULL,1,'','2022-03-16 12:12:49'),(83,82,56.000000,183.490000,'руб.',220.190000,3,0,3,3,2,NULL,1,'','2022-03-16 12:12:49'),(84,83,168.000000,0.478000,'USD',72.730000,8,0,3,3,2,NULL,1,'','2022-03-16 12:12:49'),(85,84,168.000000,76.000000,'руб.',91.200000,3,0,3,3,2,NULL,1,'','2022-03-16 12:12:49'),(86,85,112.000000,1.160000,'USD',176.490000,8,0,3,3,2,NULL,1,'','2022-03-16 12:12:49'),(87,86,112.000000,1.580000,'USD',240.400000,8,0,3,3,2,NULL,1,'','2022-03-16 12:12:49'),(88,87,42.000000,1.085300,'USD',165.130000,8,0,3,3,2,NULL,1,'','2022-03-16 12:12:49'),(89,88,112.000000,5.903820,'USD',652.370000,4,0,3,3,2,NULL,1,'','2022-03-16 12:12:49'),(90,89,26.000000,0.358900,'USD',53.320000,8,0,3,3,2,NULL,1,'','2022-03-16 12:12:49'),(91,90,26.000000,103.980000,'EUR',11728.940000,16,0,3,3,2,NULL,1,'','2022-03-16 12:12:49'),(92,91,26.000000,7.230000,'EUR',815.540000,12,0,3,3,2,NULL,1,'','2022-03-16 12:12:49'),(93,92,26.000000,4.529000,'EUR',510.870000,4,0,3,3,2,NULL,1,'','2022-03-16 12:12:49'),(94,93,52.000000,0.112270,'USD',13.510000,4,0,3,3,2,NULL,1,'','2022-03-16 12:12:49'),(95,94,26.000000,7.450000,'USD',1106.850000,8,0,3,3,2,NULL,1,'','2022-03-16 12:12:49'),(96,95,26.000000,3.044790,'USD',366.440000,4,0,3,3,2,NULL,1,'','2022-03-16 12:12:49'),(97,96,156.000000,0.054430,'USD',6.550000,4,0,3,3,2,NULL,1,'','2022-03-16 12:12:49'),(98,97,52.000000,2.400000,'руб.',2.880000,4,0,3,3,2,NULL,1,'','2022-03-16 12:12:49'),(99,98,52.000000,0.500000,'руб.',0.600000,4,0,3,3,2,NULL,1,'','2022-03-16 12:12:49'),(100,99,26.000000,0.141180,'USD',16.990000,4,0,3,3,2,NULL,1,'','2022-03-16 12:12:49'),(101,100,52.000000,0.014900,'USD',2.210000,8,0,3,3,2,NULL,1,'','2022-03-16 12:12:49'),(102,101,52.000000,0.020410,'USD',2.460000,4,0,3,3,2,NULL,1,'','2022-03-16 12:12:49'),(103,102,104.000000,0.015310,'USD',1.840000,4,0,3,3,2,NULL,1,'','2022-03-16 12:12:49'),(104,103,104.000000,0.098000,'USD',14.560000,8,0,3,3,2,NULL,1,'','2022-03-16 12:12:49'),(105,104,52.000000,0.161600,'USD',19.450000,4,0,3,3,2,NULL,1,'','2022-03-16 12:12:49'),(106,105,286.000000,0.020410,'USD',2.460000,4,0,3,3,2,NULL,1,'','2022-03-16 12:12:49'),(107,106,26.000000,6.866000,'USD',1020.080000,8,0,3,3,2,NULL,1,'','2022-03-16 12:12:49'),(108,107,26.000000,6.870000,'USD',684.250000,4,0,3,3,2,NULL,1,'','2022-03-16 12:12:49'),(109,108,26.000000,0.308500,'USD',41.480000,8,0,3,3,2,NULL,1,'','2022-03-16 12:12:49'),(110,109,26.000000,0.719520,'USD',86.590000,4,0,3,3,2,NULL,1,'','2022-03-16 12:12:49'),(111,110,26.000000,0.204120,'USD',22.020000,4,0,3,3,2,NULL,1,'','2022-03-16 12:12:49'),(112,111,26.000000,0.551120,'USD',66.330000,4,0,3,3,2,NULL,1,'','2022-03-16 12:12:49'),(113,112,26.000000,2.000000,'USD',297.140000,8,0,3,3,2,NULL,1,'','2022-03-16 12:12:49'),(114,113,26.000000,1.930300,'USD',259.550000,8,0,3,3,2,NULL,1,'','2022-03-16 12:12:49'),(115,114,260.000000,0.500000,'руб.',0.600000,4,0,3,3,2,NULL,1,'','2022-03-16 12:12:49'),(116,115,52.000000,0.500000,'руб.',0.600000,3,0,3,3,2,NULL,1,'','2022-03-16 12:12:49'),(117,116,26.000000,0.500000,'руб.',0.600000,3,0,3,3,2,NULL,1,'','2022-03-16 12:12:49'),(118,117,26.000000,0.500000,'руб.',0.600000,3,0,3,3,2,NULL,1,'','2022-03-16 12:12:49'),(119,118,52.000000,0.500000,'руб.',0.600000,3,0,3,3,2,NULL,1,'','2022-03-16 12:12:49'),(120,119,26.000000,0.500000,'руб.',0.600000,3,0,3,3,2,NULL,1,'','2022-03-16 12:12:49'),(121,120,52.000000,0.500000,'руб.',0.600000,3,0,3,3,2,NULL,1,'','2022-03-16 12:12:49'),(122,121,26.000000,0.500000,'руб.',0.600000,3,0,3,3,2,NULL,1,'','2022-03-16 12:12:49'),(123,122,26.000000,3.990000,'USD',592.790000,8,0,3,3,2,NULL,1,'','2022-03-16 12:12:49'),(124,123,26.000000,1.201200,'USD',129.610000,4,0,3,3,2,NULL,1,'','2022-03-16 12:12:49'),(125,124,26.000000,0.309900,'USD',46.040000,8,0,3,3,2,NULL,1,'','2022-03-16 12:12:49'),(126,125,26.000000,0.177400,'USD',26.360000,8,0,3,3,2,NULL,1,'','2022-03-16 12:12:49'),(127,126,26.000000,1350.000000,'руб.',1620.000000,5,0,3,3,2,NULL,1,'','2022-03-16 12:12:49'),(128,127,26.000000,0.500000,'руб.',0.600000,3,0,3,3,2,NULL,1,'','2022-03-16 12:12:49'),(129,128,26.000000,3.124580,'USD',345.270000,4,0,3,3,2,NULL,1,'','2022-03-16 12:12:49'),(130,129,64.000000,0.540400,'USD',82.220000,8,0,3,3,2,NULL,1,'','2022-03-16 12:12:49'),(131,130,960.000000,3.500000,'руб.',4.200000,4,0,3,3,2,NULL,1,'','2022-03-16 12:12:49'),(132,131,128.000000,0.015400,'USD',2.340000,8,0,3,3,2,NULL,1,'','2022-03-16 12:12:49'),(133,132,64.000000,0.500000,'руб.',0.600000,4,0,3,3,2,NULL,1,'','2022-03-16 12:12:49'),(134,133,64.000000,3.200000,'руб.',3.840000,4,0,3,3,2,NULL,1,'','2022-03-16 12:12:49'),(135,134,192.000000,5.700000,'руб.',6.840000,4,0,3,3,2,NULL,1,'','2022-03-16 12:12:49'),(136,135,64.000000,0.500000,'руб.',0.600000,4,0,3,3,2,NULL,1,'','2022-03-16 12:12:49'),(137,136,64.000000,1.600000,'руб.',1.920000,4,0,3,3,2,NULL,1,'','2022-03-16 12:12:49'),(138,137,64.000000,0.038300,'USD',5.830000,8,0,3,3,2,NULL,1,'','2022-03-16 12:12:49'),(139,138,384.000000,0.146890,'USD',16.230000,4,0,3,3,2,NULL,1,'','2022-03-16 12:12:49'),(140,139,384.000000,0.800000,'руб.',0.960000,4,0,3,3,2,NULL,1,'','2022-03-16 12:12:49'),(141,140,64.000000,0.500000,'руб.',0.600000,4,0,3,3,2,NULL,1,'','2022-03-16 12:12:49'),(142,141,64.000000,6.770000,'USD',1030.060000,8,0,3,3,2,NULL,1,'','2022-03-16 12:12:49'),(143,142,64.000000,4.212000,'USD',640.860000,8,0,3,3,2,NULL,1,'','2022-03-16 12:12:49'),(144,143,64.000000,5.590000,'USD',850.520000,8,0,3,3,2,NULL,1,'','2022-03-16 12:12:49'),(145,144,192.000000,599.000000,'руб.',718.800000,4,0,3,3,2,NULL,1,'','2022-03-16 12:12:49'),(146,145,64.000000,215.000000,'руб.',258.000000,4,0,3,3,2,NULL,1,'','2022-03-16 12:12:49'),(147,146,64.000000,37.600000,'руб.',45.120000,4,0,3,3,2,NULL,1,'','2022-03-16 12:12:49'),(148,147,448.000000,0.500000,'руб.',0.600000,4,0,3,3,2,NULL,1,'','2022-03-16 12:12:49'),(149,148,64.000000,0.500000,'руб.',0.600000,4,0,3,3,2,NULL,1,'','2022-03-16 12:12:49'),(150,149,128.000000,0.500000,'руб.',0.600000,4,0,3,3,2,NULL,1,'','2022-03-16 12:12:49'),(151,150,256.000000,0.500000,'руб.',0.600000,4,0,3,3,2,NULL,1,'','2022-03-16 12:12:49'),(152,151,192.000000,0.500000,'руб.',0.600000,4,0,3,3,2,NULL,1,'','2022-03-16 12:12:49'),(153,152,64.000000,0.500000,'руб.',0.600000,4,0,3,3,2,NULL,1,'','2022-03-16 12:12:49'),(154,153,64.000000,0.500000,'руб.',0.600000,4,0,3,3,2,NULL,1,'','2022-03-16 12:12:49'),(155,154,64.000000,0.500000,'руб.',0.600000,4,0,3,3,2,NULL,1,'','2022-03-16 12:12:49'),(156,155,384.000000,0.500000,'руб.',0.600000,4,0,3,3,2,NULL,1,'','2022-03-16 12:12:49'),(157,156,64.000000,0.028000,'USD',4.260000,8,0,3,3,2,NULL,1,'','2022-03-16 12:12:49'),(158,157,128.000000,0.260700,'USD',39.670000,8,0,3,3,2,NULL,1,'','2022-03-16 12:12:49'),(159,158,64.000000,0.198000,'USD',30.130000,8,0,3,3,2,NULL,1,'','2022-03-16 12:12:49'),(160,159,64.000000,0.319000,'USD',48.540000,8,0,3,3,2,NULL,1,'','2022-03-16 12:12:49'),(161,160,64.000000,0.298000,'USD',45.340000,8,0,3,3,2,NULL,1,'','2022-03-16 12:12:49'),(162,161,64.000000,2.800000,'руб.',3.360000,4,0,3,3,2,NULL,1,'','2022-03-16 12:12:49'),(163,162,64.000000,0.580000,'USD',88.250000,8,0,3,3,2,NULL,1,'','2022-03-16 12:12:49'),(164,163,64.000000,62.820000,'EUR',7312.250000,16,0,3,3,2,NULL,1,'','2022-03-16 12:12:49'),(165,164,64.000000,52.584000,'EUR',6120.780000,16,0,3,3,2,NULL,1,'','2022-03-16 12:12:49'),(166,165,320.000000,0.430000,'руб.',0.520000,4,0,3,3,2,NULL,1,'','2022-03-16 12:12:49'),(167,166,128.000000,0.053300,'USD',8.110000,8,0,3,3,2,NULL,1,'','2022-03-16 12:12:49'),(168,167,108.000000,3.100000,'руб.',3.720000,4,0,3,3,2,NULL,1,'','2022-03-16 12:12:49'),(169,168,72.000000,0.234000,'USD',34.770000,8,0,3,3,2,NULL,1,'','2022-03-16 12:12:49'),(170,169,30.000000,0.065500,'USD',9.730000,8,0,3,3,2,NULL,1,'','2022-03-16 12:12:49'),(171,170,18.000000,28.500000,'руб.',34.200000,4,0,3,3,2,NULL,1,'','2022-03-16 12:12:49'),(172,171,12.000000,0.657400,'USD',97.670000,8,0,3,3,2,NULL,1,'','2022-03-16 12:12:49'),(173,172,6.000000,2.975000,'USD',442.000000,8,0,3,3,2,NULL,1,'','2022-03-16 12:12:49'),(174,173,48.000000,12.220000,'USD',1815.530000,8,0,3,3,2,NULL,1,'','2022-03-16 12:12:49'),(175,174,66.000000,2.800000,'USD',278.880000,16,0,3,3,2,NULL,1,'','2022-03-16 12:12:49'),(176,175,6.000000,21.500000,'USD',2890.890000,2,0,3,3,2,NULL,1,'','2022-03-16 12:12:49'),(177,176,6.000000,16.430000,'USD',2441.010000,8,0,3,3,2,NULL,1,'','2022-03-16 12:12:49'),(178,177,6.000000,2.390000,'EUR',402.140000,16,0,3,3,2,NULL,1,'','2022-03-16 12:12:49'),(179,178,6.000000,0.280100,'USD',41.610000,8,0,3,3,2,NULL,1,'','2022-03-16 12:12:49'),(180,179,6.000000,0.797770,'USD',86.080000,4,0,3,3,2,NULL,1,'','2022-03-16 12:12:49'),(181,180,6.000000,0.500000,'руб.',0.600000,4,0,3,3,2,NULL,1,'','2022-03-16 12:12:49'),(182,181,6.000000,0.500000,'руб.',0.600000,4,0,3,3,2,NULL,1,'','2022-03-16 12:12:49'),(183,182,6.000000,0.500000,'руб.',0.600000,4,0,3,3,2,NULL,1,'','2022-03-16 12:12:49'),(184,183,24.000000,0.500000,'руб.',0.600000,3,0,3,3,2,NULL,1,'','2022-03-16 12:12:49'),(185,184,6.000000,0.437160,'USD',52.610000,4,0,3,3,2,NULL,1,'','2022-03-16 12:12:49'),(186,185,6.000000,0.432220,'USD',52.020000,4,0,3,3,2,NULL,1,'','2022-03-16 12:12:49'),(187,186,24.000000,45.336000,'EUR',5113.900000,14,0,3,3,2,NULL,1,'','2022-03-16 12:12:49'),(188,187,6.000000,29.570000,'USD',4393.210000,10,0,3,3,2,NULL,1,'','2022-03-16 12:12:49'),(189,188,30.000000,0.043400,'USD',6.450000,8,0,3,3,2,NULL,1,'','2022-03-16 12:12:49'),(190,189,6.000000,8.000000,'руб.',9.600000,4,0,3,3,2,NULL,1,'','2022-03-16 12:12:49'),(191,190,198.000000,0.600000,'руб.',0.720000,4,0,3,3,2,NULL,1,'','2022-03-16 12:12:49'),(192,191,108.000000,0.216000,'USD',32.860000,8,0,3,3,2,NULL,1,'','2022-03-16 12:12:49'),(193,192,360.000000,0.153400,'USD',23.340000,8,0,3,3,2,NULL,1,'','2022-03-16 12:12:49'),(194,193,36.000000,0.032000,'USD',4.870000,8,0,3,3,2,NULL,1,'','2022-03-16 12:12:49'),(195,194,90.000000,0.009100,'USD',1.380000,8,0,3,3,2,NULL,1,'','2022-03-16 12:12:49'),(196,195,36.000000,0.600000,'руб.',0.720000,4,0,3,3,2,NULL,1,'','2022-03-16 12:12:49'),(197,196,36.000000,0.034900,'USD',5.310000,8,0,3,3,2,NULL,1,'','2022-03-16 12:12:49'),(198,197,126.000000,1.700000,'руб.',2.040000,4,0,3,3,2,NULL,1,'','2022-03-16 12:12:49'),(199,198,36.000000,0.227720,'USD',25.160000,4,0,3,3,2,NULL,1,'','2022-03-16 12:12:49'),(200,199,18.000000,2.360000,'USD',359.070000,8,0,3,3,2,NULL,1,'','2022-03-16 12:12:49'),(201,200,36.000000,1.750000,'USD',266.260000,8,0,3,3,2,NULL,1,'','2022-03-16 12:12:49'),(202,201,18.000000,9.580000,'USD',1457.600000,8,0,3,3,2,NULL,1,'','2022-03-16 12:12:49'),(203,202,18.000000,9.500000,'USD',1445.430000,8,0,3,3,2,NULL,1,'','2022-03-16 12:12:49'),(204,203,36.000000,91.930000,'руб.',110.320000,4,0,3,3,2,NULL,1,'','2022-03-16 12:12:49'),(205,204,36.000000,21.690000,'USD',3300.130000,8,0,3,3,2,NULL,1,'','2022-03-16 12:12:49'),(206,205,36.000000,16.990000,'USD',2585.030000,8,0,3,3,2,NULL,1,'','2022-03-16 12:12:49'),(207,206,18.000000,1.749000,'USD',266.110000,8,0,3,3,2,NULL,1,'','2022-03-16 12:12:49'),(208,207,36.000000,1.363000,'USD',207.380000,8,0,3,3,2,NULL,1,'','2022-03-16 12:12:49'),(209,208,18.000000,4.750000,'EUR',824.740000,16,0,3,3,2,NULL,1,'','2022-03-16 12:12:49'),(210,209,72.000000,0.286000,'USD',43.510000,8,0,3,3,2,NULL,1,'','2022-03-16 12:12:49'),(211,210,18.000000,1.840000,'USD',279.960000,11,0,3,3,2,NULL,1,'','2022-03-16 12:12:49'),(212,211,72.000000,0.500000,'руб.',0.600000,4,0,3,3,2,NULL,1,'','2022-03-16 12:12:49'),(213,212,144.000000,0.500000,'руб.',0.600000,4,0,3,3,2,NULL,1,'','2022-03-16 12:12:49'),(214,213,108.000000,0.500000,'руб.',0.600000,3,0,3,3,2,NULL,1,'','2022-03-16 12:12:49'),(215,214,36.000000,0.500000,'руб.',0.600000,3,0,3,3,2,NULL,1,'','2022-03-16 12:12:49'),(216,215,36.000000,0.500000,'руб.',0.600000,4,0,3,3,2,NULL,1,'','2022-03-16 12:12:49'),(217,216,36.000000,0.375000,'USD',57.060000,8,0,3,3,2,NULL,1,'','2022-03-16 12:12:49'),(218,217,36.000000,0.500000,'руб.',0.600000,4,0,3,3,2,NULL,1,'','2022-03-16 12:12:49'),(219,218,48.000000,0.500000,'руб.',0.600000,3,0,3,3,2,NULL,1,'','2022-03-16 12:12:49'),(220,219,72.000000,0.423000,'USD',64.360000,8,0,3,3,2,NULL,1,'','2022-03-16 12:12:49'),(221,220,72.000000,0.500000,'руб.',0.600000,3,0,3,3,2,NULL,1,'','2022-03-16 12:12:49'),(222,221,36.000000,0.500000,'руб.',0.600000,4,0,3,3,2,NULL,1,'','2022-03-16 12:12:49'),(223,222,36.000000,0.500000,'руб.',0.600000,3,0,3,3,2,NULL,1,'','2022-03-16 12:12:49'),(224,223,72.000000,0.500000,'руб.',0.600000,4,0,3,3,2,NULL,1,'','2022-03-16 12:12:49'),(225,224,36.000000,0.500000,'руб.',0.600000,4,0,3,3,2,NULL,1,'','2022-03-16 12:12:49'),(226,225,36.000000,0.009200,'USD',1.400000,8,0,3,3,2,NULL,1,'','2022-03-16 12:12:49'),(227,226,36.000000,0.500000,'руб.',0.600000,4,0,3,3,2,NULL,1,'','2022-03-16 12:12:49'),(228,227,144.000000,0.500000,'руб.',0.600000,3,0,3,3,2,NULL,1,'','2022-03-16 12:12:49'),(229,228,72.000000,0.500000,'руб.',0.600000,3,0,3,3,2,NULL,1,'','2022-03-16 12:12:49'),(230,229,18.000000,0.008300,'USD',1.260000,8,0,3,3,2,NULL,1,'','2022-03-16 12:12:49'),(231,230,18.000000,0.500000,'руб.',0.600000,4,0,3,3,2,NULL,1,'','2022-03-16 12:12:49'),(232,231,54.000000,0.500000,'руб.',0.600000,4,0,3,3,2,NULL,1,'','2022-03-16 12:12:49'),(233,232,36.000000,0.500000,'руб.',0.600000,3,0,3,3,2,NULL,1,'','2022-03-16 12:12:49'),(234,233,72.000000,0.155000,'USD',23.580000,8,0,3,3,2,NULL,1,'','2022-03-16 12:12:49'),(235,234,36.000000,52.500000,'USD',5355.000000,10,0,3,3,2,NULL,1,'','2022-03-16 12:12:49'),(236,235,18.000000,0.339000,'USD',51.580000,8,0,3,3,2,NULL,1,'','2022-03-16 12:12:49'),(237,236,18.000000,0.319000,'USD',48.540000,8,0,3,3,2,NULL,1,'','2022-03-16 12:12:49'),(238,237,108.000000,0.170690,'USD',18.860000,4,0,3,3,2,NULL,1,'','2022-03-16 12:12:49'),(239,238,18.000000,49.000000,'EUR',5703.600000,14,0,3,3,2,NULL,1,'','2022-03-16 12:12:49'),(240,239,18.000000,14.000000,'руб.',16.800000,4,0,3,3,2,NULL,1,'','2022-03-16 12:12:49'),(241,240,36.000000,0.500000,'руб.',0.600000,4,0,3,3,2,NULL,1,'','2022-03-16 12:12:49'),(242,241,36.000000,0.419100,'USD',63.770000,8,0,3,3,2,NULL,1,'','2022-03-16 12:12:49');
/*!40000 ALTER TABLE `CommercialOfferGoods` ENABLE KEYS */;
UNLOCK TABLES;

--
-- Table structure for table `CommercialOfferOrder`
--

DROP TABLE IF EXISTS `CommercialOfferOrder`;
/*!40101 SET @saved_cs_client     = @@character_set_client */;
/*!50503 SET character_set_client = utf8mb4 */;
CREATE TABLE `CommercialOfferOrder` (
  `id` bigint NOT NULL AUTO_INCREMENT,
  `OrderSp_id` bigint NOT NULL,
  `GoodsCustomer_id` bigint NOT NULL,
  `QuantitySpecification` decimal(20,6) NOT NULL,
  `unit` varchar(250) NOT NULL,
  `ComOfferGoods_id` bigint NOT NULL DEFAULT '1',
  `NameApproval` tinyint(1) DEFAULT '0',
  `DetailApproval` text,
  `Purchase` tinyint(1) DEFAULT '0',
  `DatePurchase` date DEFAULT '0001-01-01',
  `ManagerPurchase_id` int DEFAULT '1',
  `StockSet_id` bigint DEFAULT '1',
  `DateShipmentOrder` date DEFAULT '0001-01-01',
  `LastUpdate` timestamp NOT NULL DEFAULT CURRENT_TIMESTAMP ON UPDATE CURRENT_TIMESTAMP,
  PRIMARY KEY (`id`),
  KEY `FK_134` (`ManagerPurchase_id`),
  KEY `FK_501` (`ComOfferGoods_id`),
  KEY `FK_296` (`StockSet_id`),
  KEY `FK_84` (`GoodsCustomer_id`),
  KEY `FK_90` (`OrderSp_id`),
  CONSTRAINT `FK_134` FOREIGN KEY (`ManagerPurchase_id`) REFERENCES `Organization` (`id`),
  CONSTRAINT `FK_296` FOREIGN KEY (`StockSet_id`) REFERENCES `StockSet` (`id`),
  CONSTRAINT `FK_501` FOREIGN KEY (`ComOfferGoods_id`) REFERENCES `CommercialOfferGoods` (`id`),
  CONSTRAINT `FK_84` FOREIGN KEY (`GoodsCustomer_id`) REFERENCES `Goods` (`id`),
  CONSTRAINT `FK_90` FOREIGN KEY (`OrderSp_id`) REFERENCES `OrderSpecification` (`id`)
) ENGINE=InnoDB DEFAULT CHARSET=utf8mb4 COLLATE=utf8mb4_0900_ai_ci;
/*!40101 SET character_set_client = @saved_cs_client */;

--
-- Dumping data for table `CommercialOfferOrder`
--

LOCK TABLES `CommercialOfferOrder` WRITE;
/*!40000 ALTER TABLE `CommercialOfferOrder` DISABLE KEYS */;
/*!40000 ALTER TABLE `CommercialOfferOrder` ENABLE KEYS */;
UNLOCK TABLES;

--
-- Table structure for table `DeliveryRelation`
--

DROP TABLE IF EXISTS `DeliveryRelation`;
/*!40101 SET @saved_cs_client     = @@character_set_client */;
/*!50503 SET character_set_client = utf8mb4 */;
CREATE TABLE `DeliveryRelation` (
  `id` bigint NOT NULL AUTO_INCREMENT,
  `CommOfferGoods_id` bigint NOT NULL,
  `Quantity` decimal(20,6) NOT NULL,
  `NameDelivery` varchar(250) NOT NULL,
  `DateShipment` date NOT NULL,
  `DateDelivery` date NOT NULL,
  `Destination` varchar(250) NOT NULL,
  `LastUpdate` timestamp NOT NULL DEFAULT CURRENT_TIMESTAMP ON UPDATE CURRENT_TIMESTAMP,
  PRIMARY KEY (`id`),
  KEY `FK_254` (`CommOfferGoods_id`),
  CONSTRAINT `FK_254` FOREIGN KEY (`CommOfferGoods_id`) REFERENCES `CommercialOfferGoods` (`id`)
) ENGINE=InnoDB AUTO_INCREMENT=2 DEFAULT CHARSET=utf8mb4 COLLATE=utf8mb4_0900_ai_ci COMMENT='В таблице содержится перечень товаров, которые отправил поставщик (можно частично)';
/*!40101 SET character_set_client = @saved_cs_client */;

--
-- Dumping data for table `DeliveryRelation`
--

LOCK TABLES `DeliveryRelation` WRITE;
/*!40000 ALTER TABLE `DeliveryRelation` DISABLE KEYS */;
INSERT INTO `DeliveryRelation` VALUES (1,1,0.000000,'\'\'','0001-01-01','0001-01-01','\'\'','2022-03-16 12:03:21');
/*!40000 ALTER TABLE `DeliveryRelation` ENABLE KEYS */;
UNLOCK TABLES;

--
-- Table structure for table `Goods`
--

DROP TABLE IF EXISTS `Goods`;
/*!40101 SET @saved_cs_client     = @@character_set_client */;
/*!50503 SET character_set_client = utf8mb4 */;
CREATE TABLE `Goods` (
  `id` bigint NOT NULL AUTO_INCREMENT,
  `NameGoods` varchar(250) NOT NULL,
  `Pins` int NOT NULL,
  `TypeAssembly_id` int NOT NULL,
  `Description` varchar(250) NOT NULL DEFAULT '',
  `LastUpdate` timestamp NOT NULL DEFAULT CURRENT_TIMESTAMP ON UPDATE CURRENT_TIMESTAMP,
  PRIMARY KEY (`id`),
  UNIQUE KEY `unique_Goods` (`NameGoods`),
  KEY `FK_34` (`TypeAssembly_id`),
  CONSTRAINT `FK_34` FOREIGN KEY (`TypeAssembly_id`) REFERENCES `TypeAssembly` (`id`)
) ENGINE=InnoDB AUTO_INCREMENT=258 DEFAULT CHARSET=utf8mb4 COLLATE=utf8mb4_0900_ai_ci;
/*!40101 SET character_set_client = @saved_cs_client */;

--
-- Dumping data for table `Goods`
--

LOCK TABLES `Goods` WRITE;
/*!40000 ALTER TABLE `Goods` DISABLE KEYS */;
INSERT INTO `Goods` VALUES (1,'\'\'',0,1,'','2022-03-16 12:03:21'),(2,'VOM1271T',16,1,'микросхема','2022-03-16 12:03:21'),(3,'VLMY1300-GS08',2,1,'светодиод','2022-03-16 12:03:21'),(4,'VLMTG1300-GS08',2,1,'светодиод','2022-03-16 12:03:21'),(5,'VLMS1300-GS08',2,1,'светодиод','2022-03-16 12:03:21'),(6,'VLMO1300-GS08',2,1,'светодиод','2022-03-16 12:03:21'),(7,'TL431BQDBZR',6,1,'транзистор','2022-03-16 12:03:21'),(8,'TAJB226K016R (22 мкФ ±10% 16 В)',2,1,'конденсатор','2022-03-16 12:03:21'),(9,'STW48NM60N',24,1,'микросхема','2022-03-16 12:03:21'),(10,'STTH6003CW',24,1,'микросхема','2022-03-16 12:03:21'),(11,'STTH16L06CFP',24,1,'микросхема','2022-03-16 12:03:21'),(12,'SM15T68A',24,1,'микросхема','2022-03-16 12:03:21'),(13,'SG3525AP',24,1,'микросхема','2022-03-16 12:03:21'),(14,'SDR1006--681KL',2,1,'индуктивность','2022-03-16 12:03:21'),(15,'RV0805JR-07300KL (0805; 0,125 Вт; 300  кОм; 400 В; 5%)',2,1,'резистор','2022-03-16 12:03:21'),(16,'RC2512JR-071RL (2512; 1 Вт; 1 Ом; 250 В; 5%)',2,1,'резистор','2022-03-16 12:03:21'),(17,'RC2512JR-070R33L (2512 0,33 Ом 250 В)',2,1,'резистор','2022-03-16 12:03:21'),(18,'RC1206JR-07510KL (1206; 0,25 Вт; 510 кОм; 200 В; 5%)',2,1,'резистор','2022-03-16 12:03:21'),(19,'RC1206JR-0715KL (1206 15 кОм ±5% 200 В)',2,1,'резистор','2022-03-16 12:03:21'),(20,'RC1206JR-072KL (1206 2 кОм 5%)',2,1,'резистор','2022-03-16 12:03:21'),(21,'RC1206JR-071ML (1206  1 МОм ±5% 200 В)',2,1,'резистор','2022-03-16 12:03:21'),(22,'RC0805JR-0712KL (0805 12 кОм ±5% 150 В)',2,1,'резистор','2022-03-16 12:03:21'),(23,'RC0805JR-0710RL (0805 10 Ом ±5% 150 В)',2,1,'резистор','2022-03-16 12:03:21'),(24,'RC0805JR-0710KL (0805 10 кОм 5%)',2,1,'резистор','2022-03-16 12:03:21'),(25,'RC0805JR-071KL (0805 1 кОм ±5% 150 В)',2,1,'резистор','2022-03-16 12:03:21'),(26,'RC0603JR-07510RL (0603 510 Ом ±5% 50 В)',2,1,'резистор','2022-03-16 12:03:21'),(27,'RC0603JR-07300RL (0603 300 Ом ±5% 50 В)',2,1,'резистор','2022-03-16 12:03:21'),(28,'RC0603JR-07100RL (0603 100 Ом ±5%  50 В)',2,1,'резистор','2022-03-16 12:03:21'),(29,'RC0603JR-0747KL (0603 47 кОм ±5% 50 В)',2,1,'резистор','2022-03-16 12:03:21'),(30,'RC0603JR-0733KL (0603 33 кОм ±5% 50 В)',2,1,'резистор','2022-03-16 12:03:21'),(31,'RC0603JR-0720KL (0603 20 кОм ±5% 50 В)',2,1,'резистор','2022-03-16 12:03:21'),(32,'RC0603JR-0715KL (0603 15 кОм ±5% 50 В)',2,1,'резистор','2022-03-16 12:03:21'),(33,'RC0603JR-0711KL (0603 11 кОм ±5% 50 В)',2,1,'резистор','2022-03-16 12:03:21'),(34,'RC0603JR-0710KL (0603 10 кОм ±5% 50 В)',2,1,'резистор','2022-03-16 12:03:21'),(35,'RC0603JR-075K1L (0603 5,1 кОм ±5% 50 В)',2,1,'резистор','2022-03-16 12:03:21'),(36,'RC0603JR-073KL (0603 3 кОм ±5% 50 В)',2,1,'резистор','2022-03-16 12:03:21'),(37,'RC0603JR-072KL (0603 2 кОм ±5% 50 В)',2,1,'резистор','2022-03-16 12:03:21'),(38,'RC0603JR-071KL (0603 1 кОм ±5% 50 В)',2,1,'резистор','2022-03-16 12:03:21'),(39,'PS2801-1-F3-A',2,1,'диод','2022-03-16 12:03:21'),(40,'MMBT5551LT1G',36,1,'микросхема','2022-03-16 12:03:21'),(41,'MMBT5401LT1G',36,1,'микросхема','2022-03-16 12:03:21'),(42,'LNK306GN',36,1,'микросхема','2022-03-16 12:03:21'),(43,'LM7321MF',36,1,'микросхема','2022-03-16 12:03:21'),(44,'LM3480',36,1,'микросхема','2022-03-16 12:03:21'),(45,'L6562D',36,1,'микросхема','2022-03-16 12:03:21'),(46,'IRS2186SPBF',6,1,'транзистор','2022-03-16 12:03:21'),(47,'VSOHFA30PA60C',6,1,'транзистор','2022-03-16 12:03:21'),(48,'GRM188R72A104K (0603 X7R 0,1 мкФ ±10% 100 В)',2,1,'конденсатор','2022-03-16 12:03:21'),(49,'GRM188R72A103K (0603 X7R 0,01 мкФ ±10% 100 В)',2,1,'конденсатор','2022-03-16 12:03:21'),(50,'GRM188R72A102K (0603 X7R 1000 пФ ±10% 100 В)',2,1,'конденсатор','2022-03-16 12:03:21'),(51,'GRM188R61H105KAAL (0603  1 мкФ ±10% 50 В)',2,1,'конденсатор','2022-03-16 12:03:21'),(52,'GRM188R61E106MA73L (0603 X5R 10 мкФ ±20% 50 В)',2,1,'конденсатор','2022-03-16 12:03:21'),(53,'GRM55DR72J224K (2220 X7R 0,22 мкФ ±10% 630 В)',2,1,'конденсатор','2022-03-16 12:03:21'),(54,'GRM31CR72A225K (1206 X7R 2,2 мкФ ±10% 100 В)',2,1,'конденсатор','2022-03-16 12:03:21'),(55,'GRM31A7U2J222JW31D (2200 пФ 600В 1206)',2,1,'конденсатор','2022-03-16 12:03:21'),(56,'GRM31A5C2J101JW01D (1206  100 пФ ±5% 630 В)',2,1,'конденсатор','2022-03-16 12:03:21'),(57,'GRM21BR72A474K (0805 X7R 0,47 мкФ ±10% 100 В)',2,1,'конденсатор','2022-03-16 12:03:21'),(58,'GRM21A5C2E220J (0805  22 пФ ±5% 250 В)',2,1,'конденсатор','2022-03-16 12:03:21'),(59,'FCPF190N60',3,1,'диод','2022-03-16 12:03:21'),(60,'ES1J',3,1,'диод','2022-03-16 12:03:21'),(61,'EEVEB2W3R3Q ( 3,3 мкФ 450В)',2,2,'конденсатор','2022-03-16 12:03:21'),(62,'EEUEE2W330S (33 мкФ 450 В)',2,2,'конденсатор','2022-03-16 12:03:21'),(63,'EEEFK1J101P (100u)',2,2,'конденсатор','2022-03-16 12:03:21'),(64,'CT06-100',3,2,'диод','2022-03-16 12:03:21'),(65,'BZV55C13V.115',3,1,'диод','2022-03-16 12:03:21'),(66,'BZV55-C24.115',3,1,'диод','2022-03-16 12:03:21'),(67,'BLM21AG102SN1 (0805 1 кОм ±25% 200 мА)',2,1,'фильтр','2022-03-16 12:03:21'),(68,'BLM18AG102SN1 (0603 1 кОм 500 мА)',2,1,'фильтр','2022-03-16 12:03:21'),(69,'BCP56-16',3,1,'диод','2022-03-16 12:03:21'),(70,'BAV99LT1G',3,1,'диод','2022-03-16 12:03:21'),(71,'B72210S0271K101',3,1,'диод','2022-03-16 12:03:21'),(72,'B41815F8477M000 (470 мкФ 63 В)',2,1,'индуктивность','2022-03-16 12:03:21'),(73,'B32652A6104J000 (630 В, 0,1 мкФ.)',2,1,'индуктивность','2022-03-16 12:03:21'),(74,'B32522N6474J000 (0,47 мкФ 450В)',2,1,'индуктивность','2022-03-16 12:03:21'),(75,'AD22105ARZ',16,1,'микросхема','2022-03-16 12:03:21'),(76,'74437429203151',2,1,'индуктивность','2022-03-16 12:03:21'),(77,'7448031501',2,1,'индуктивность','2022-03-16 12:03:21'),(78,'7443641000',2,1,'индуктивность','2022-03-16 12:03:21'),(79,'0463015.ER',2,1,'диод','2022-03-16 12:03:21'),(80,'ER64/13/51-3C95',0,3,'феррит','2022-03-16 12:03:21'),(81,'PQ35/35-3C95',0,3,'феррит','2022-03-16 12:03:21'),(82,'PC47PQ35/35Z-12',0,3,'феррит','2022-03-16 12:03:21'),(83,'PC47PQ35/35-160-22',0,3,'феррит','2022-03-16 12:03:21'),(84,'B41851F7108M000',2,1,'индуктивность','2022-03-16 12:03:21'),(85,'IR25750',6,1,'транзистор','2022-03-16 12:03:21'),(86,'IR4427SPBF',6,1,'транзистор','2022-03-16 12:03:21'),(87,'IRFP4227',6,1,'транзистор','2022-03-16 12:03:21'),(88,'SRP1270-2R2M',2,1,'индуктивность','2022-03-16 12:03:21'),(89,'IRFP90N20DPBF',6,1,'транзистор','2022-03-16 12:03:21'),(90,'25AA040AT-I/OT',24,1,'микросхема','2022-03-16 12:03:21'),(91,'31_MMBX-SMA-50-1',5,2,'разъем','2022-03-16 12:03:21'),(92,'32_MMBX-50-0-1',5,2,'разъем','2022-03-16 12:03:21'),(93,'92_MMBX-S50-0-12/111_N',5,2,'разъем','2022-03-16 12:03:21'),(94,'04025C332K4T4A  (0402  3300 пФ ±10% 50 В)',2,1,'конденсатор','2022-03-16 12:03:21'),(95,'AD8317ACPZ-R7',36,1,'микросхема','2022-03-16 12:03:21'),(96,'B57861S0103F045 (10 кОм 1%)',2,1,'резистор','2022-03-16 12:03:21'),(97,'BLM15PD121SN1 (0402 120 Ом ±25% 1300 мА)',2,1,'фильтр','2022-03-16 12:03:21'),(98,'BLM18SG260TN1 (0603 26 Ом ±25% 6 А)',2,1,'фильтр','2022-03-16 12:03:21'),(99,'CC0402KRX7R8BB473 (0402  0,047 мкФ ±10% 25 B)',2,1,'конденсатор','2022-03-16 12:03:21'),(100,'GRM153R61A105M (0402 X5R 1 мкФ ±20% 10 В)',2,1,'конденсатор','2022-03-16 12:03:21'),(101,'GRM155R71H102K (0402 X7R 1000 пФ ±10% 50 В)',2,1,'конденсатор','2022-03-16 12:03:21'),(102,'GRM155R71H103K (0402 X7R 0,01 мкФ ±10% 50 В)',2,1,'конденсатор','2022-03-16 12:03:21'),(103,'GRM155R71H104K (0402 X7R 0,1 мкФ ±10% 50 В)',2,1,'конденсатор','2022-03-16 12:03:21'),(104,'GRM188R61C106MA73 (0603 10 мкФ ±20% 16 В)',2,1,'конденсатор','2022-03-16 12:03:21'),(105,'GRM188R61E225K (0603 X5R 2,2 мкФ ±10% 25 В)',2,1,'конденсатор','2022-03-16 12:03:21'),(106,'GRM1555C1H101J (0402 C0G 100 пФ ±5% 50 В)',2,1,'конденсатор','2022-03-16 12:03:21'),(107,'HMC311SC70E',64,1,'микросхема','2022-03-16 12:03:21'),(108,'HMC1119LP4ME',64,1,'микросхема','2022-03-16 12:03:21'),(109,'IRLML0060TRPBF',3,1,'транзистор','2022-03-16 12:03:21'),(110,'LQW15CNR27K10 (0402 270 нГн ±10% 420 мА)',2,1,'индуктивность','2022-03-16 12:03:21'),(111,'LQW18ANR15G00 (0603 150 нГн ±2% 160 мА)',2,1,'индуктивность','2022-03-16 12:03:21'),(112,'LQW18CNR56J00 (0603 560 нГн ±5% 450мА)',2,1,'индуктивность','2022-03-16 12:03:21'),(113,'LT1962EMS8-3.3#PBF',48,1,'микросхема','2022-03-16 12:03:21'),(114,'MECT-110-01-M-D-RA1(Samtec)',16,2,'разъем','2022-03-16 12:03:21'),(115,'RC0402FR-0710KL (0402 10 кОм ±1% 50 В)',2,1,'резистор','2022-03-16 12:03:21'),(116,'RC0402JR-070RL (0402 0 Ом ±5% 50 В)',2,1,'резистор','2022-03-16 12:03:21'),(117,'RC0402JR-071KL (0402 1 кОм ±5% 50 В)',2,1,'резистор','2022-03-16 12:03:21'),(118,'RC0402JR-075K1L (0402 5,1 кОм ±5% 50 В)',2,1,'резистор','2022-03-16 12:03:21'),(119,'RC0402JR-0751RL (0402 51 Ом ±5% 50 В)',2,1,'резистор','2022-03-16 12:03:21'),(120,'RC0402JR-0791KL (0402 91кОм ±5% 50 В)',2,1,'резистор','2022-03-16 12:03:21'),(121,'RC0402JR-07150RL (0402 150 Ом ±5% 50 В)',2,1,'резистор','2022-03-16 12:03:21'),(122,'RC0603JR-0720RL (0603 20 Ом ±5% 50 В)',2,1,'резистор','2022-03-16 12:03:21'),(123,'SPF-5122Z',6,1,'транзистор','2022-03-16 12:03:21'),(124,'TC77-5.0MCTTR',2,1,'диод','2022-03-16 12:03:21'),(125,'TLMS1000-GS08',2,1,'диод','2022-03-16 12:03:21'),(126,'TLMY1000-GS08',2,1,'диод','2022-03-16 12:03:21'),(127,'ТВ-65-0,6-0,8',0,3,'модуль пельтье','2022-03-16 12:03:21'),(128,'RC0402JR-07110RL (0402 110 Ом ±5% 50 В)',2,1,'резистор','2022-03-16 12:03:21'),(129,'TAJD337M010RNJ  (330 мкФ+_20%  10В)',2,1,'конденсатор','2022-03-16 12:03:21'),(130,'ABM10-16MHZ-D25-T',6,1,'кварц','2022-03-16 12:03:21'),(131,'GRM188R61E106K (0603 X5R 10 мкФ ±10% 25 В)',2,1,'конденсатор','2022-03-16 12:03:21'),(132,'GRM155B31E105K (0402 1 мкФ ±10% 25 В)',2,1,'конденсатор','2022-03-16 12:03:21'),(133,'GRM155R71A104K (0402 X7R 0,1 мкФ ±10% 10 В)',2,1,'конденсатор','2022-03-16 12:03:21'),(134,'GRM188R61H474M  (0,47 мкФ 50В 0603)',2,1,'конденсатор','2022-03-16 12:03:21'),(135,'GRM21BR60J476M (0805 X5R 47 мкФ ±20% 6,3 В)',2,1,'конденсатор','2022-03-16 12:03:21'),(136,'GRM1555C1H100J (0402 C0G 10 пФ ±5% 50 В)',2,1,'конденсатор','2022-03-16 12:03:21'),(137,'GRM1555C1H102G (0402 C0G 1000 пФ ±2% 50 В)',2,1,'конденсатор','2022-03-16 12:03:21'),(138,'GRM188R71H102J (0603 X7R 1000 пФ ±5% 50 В)',2,1,'конденсатор','2022-03-16 12:03:21'),(139,'GRM152R61A104K (0402 X5R 0,1 мкФ ±10% 10 В)',2,1,'конденсатор','2022-03-16 12:03:21'),(140,'GRM188R71H103J (0603 X7R 0,01 мкФ ±5% 50 В)',2,1,'конденсатор','2022-03-16 12:03:21'),(141,'GRM155R71E104K (0402 X7R 0,1 мкФ ±10% 25 В)',2,1,'конденсатор','2022-03-16 12:03:21'),(142,'STM32F446RET6',64,1,'микросхема','2022-03-16 12:03:21'),(143,'L6360TR',24,1,'микросхема','2022-03-16 12:03:21'),(144,'LT3995IMSE',48,1,'микросхема','2022-03-16 12:03:21'),(145,'ADM2582EBRWZ',48,1,'микросхема','2022-03-16 12:03:21'),(146,'AD820ARMZ',48,1,'микросхема','2022-03-16 12:03:21'),(147,'IHLP2525CZER100M01',2,1,'индуктивность','2022-03-16 12:03:21'),(148,'RC0402FR-070RL (0402 0 Ом ±1% 50 В)',2,1,'резистор','2022-03-16 12:03:21'),(149,'RC0402JR-071K5L (0402 1,5 кОм ±5% 50 В)',2,1,'резистор','2022-03-16 12:03:21'),(150,'RC0402JR-07100KL (0402 100 кОм ±5% 50 В)',2,1,'резистор','2022-03-16 12:03:21'),(151,'RC0402JR-07330RL (0402 330 Ом ±5% 50 В)',2,1,'резистор','2022-03-16 12:03:21'),(152,'RC0402JR-07270RL (0402 270 Ом ±5% 50 В)',2,1,'резистор','2022-03-16 12:03:21'),(153,'RC0603FR-07100KL (0603 100 кОм ±1% 50 В)',2,1,'резистор','2022-03-16 12:03:21'),(154,'RC0603FR-07470KL (0603 470 кОм ±1% 50 В)',2,1,'резистор','2022-03-16 12:03:21'),(155,'RC0603FR-071ML (0603 1 МОм ±1% 150 В)',2,1,'резистор','2022-03-16 12:03:21'),(156,'RC0402JR-07470RL (0402 470 Ом ±5% 50 В)',2,1,'резистор','2022-03-16 12:03:21'),(157,'CRCW1206165RFKTA (1206; 165 Ом)',2,1,'резистор','2022-03-16 12:03:21'),(158,'PGB1010402MR',6,1,'диод','2022-03-16 12:03:21'),(159,'VLMW1300-GS08',2,1,'светодиод','2022-03-16 12:03:21'),(160,'SK310A',6,1,'диод','2022-03-16 12:03:21'),(161,'SBR3U60P1',6,1,'диод','2022-03-16 12:03:21'),(162,'PBS4 шаг 2 мм',8,2,'разъем','2022-03-16 12:03:21'),(163,'ZX62-B-5PA(11)',6,1,'диод','2022-03-16 12:03:21'),(164,'DBPLE103A056-130EGF',12,2,'разъем','2022-03-16 12:03:21'),(165,'DBPLE102A059-130EGF',12,2,'разъем','2022-03-16 12:03:21'),(166,'BLM15AG121SN1 (0402 120 Ом ±25% 550 мА)',2,1,'фильтр','2022-03-16 12:03:21'),(167,'BLM18PG330SH1 (0603 33 Ом ±25% 3 А)',2,1,'фильтр','2022-03-16 12:03:21'),(168,'GRM219R61E106K (0805 X5R 10 мкФ ±10% 25 В)',2,1,'конденсатор','2022-03-16 12:03:21'),(169,'NFM18CC223R1C3 (0603 0,022 мкФ ±20% 16 В 1 А)',3,1,'проходной конденсатор','2022-03-16 12:03:21'),(170,'GRM15XR71H102K (0402 X7R 1000 пФ ±10% 50 В)',2,1,'конденсатор','2022-03-16 12:03:21'),(171,'GRM32ER71A476M (1210 X7R 47 мкФ ±20% 10 В)',2,1,'конденсатор','2022-03-16 12:03:21'),(172,'GRM31CR60J107M (1206 X5R 100 мкФ ±20% 6,3 В)',2,1,'конденсатор','2022-03-16 12:03:21'),(173,'SSM1-402E-10T (4000 пФ ±25% 100 В 10 А)',2,1,'конденсатор','2022-03-16 12:03:21'),(174,'ADuM6401CRWZ',24,1,'микросхема','2022-03-16 12:03:21'),(175,'LTC2854HDD#PBF',48,1,'микросхема','2022-03-16 12:03:21'),(176,'10M16SAU169I7G',800,1,'микросхема','2022-03-16 12:03:21'),(177,'LTM4622EV',64,1,'микросхема','2022-03-16 12:03:21'),(178,'GXO-U108L/I 60 МГц',6,1,'кварц','2022-03-16 12:03:21'),(179,'CDDFN6-0504P',6,1,'диод','2022-03-16 12:03:21'),(180,'SF-1206F700',6,1,'диод','2022-03-16 12:03:21'),(181,'RC0402FR-07390RL (0402 390 Ом ±1% 50 В)',2,1,'резистор','2022-03-16 12:03:21'),(182,'RC0402FR-0713K3L (0402 13,3 кОм ±1% 50 В)',2,1,'резистор','2022-03-16 12:03:21'),(183,'RC0402FR-0719K1L (0402 19,1 кОм ±1% 50 В)',2,1,'резистор','2022-03-16 12:03:21'),(184,'RC0402JR-07100RL (0402 100 Ом ±5% 50 В)',2,1,'резистор','2022-03-16 12:03:21'),(185,'APHHS1005LQBC/D-V',2,1,'светодиод','2022-03-16 12:03:21'),(186,'P4SMAJ5.0A',2,1,'диод','2022-03-16 12:03:21'),(187,'DBPC102A054-130',16,2,'разъем','2022-03-16 12:03:21'),(188,'SEAM-40-03.0-L-10-2-A-K-TR',400,1,'разъем','2022-03-16 12:03:21'),(189,'BLM15PD300SN1 (0402 30 Ом ±25% 2200 мА)',3,1,'фильтр','2022-03-16 12:03:21'),(190,'PLD-10 (шаг 2,54)',10,2,'разъем','2022-03-16 12:03:21'),(191,'GRM155R61E105K (0402 X5R 1 мкФ ±10% 25 В)',2,1,'конденсатор','2022-03-16 12:03:21'),(192,'GRM219R61C226K (0805 X5R 22 мкФ ±10% 16 В)',2,1,'конденсатор','2022-03-16 12:03:21'),(193,'GRM188R61C106M (0603 X7R 10 мкФ ±20% 16 В)',2,1,'конденсатор','2022-03-16 12:03:21'),(194,'GRM1555C2A5R0CA01 (0402 C0G 5 пФ ±0,25 пФ 100 В)',2,1,'конденсатор','2022-03-16 12:03:21'),(195,'GRM155R71E103K (0402 X7R 0,01 мкФ ±10% 25 В)',2,1,'конденсатор','2022-03-16 12:03:21'),(196,'GRM155R61A474K (0402 X5R 0,47 мкФ ±10% 10 В)',2,1,'конденсатор','2022-03-16 12:03:21'),(197,'GRM155R71C473K (0402 X7R 0,047 мкФ ±10% 16 В)',2,1,'конденсатор','2022-03-16 12:03:21'),(198,'GRM188R61C475K (0603 X5R 4,7 мкФ ±10% 16 В)',2,1,'конденсатор','2022-03-16 12:03:21'),(199,'GRM155R61E225M (0402 X5R 2,2 мкФ ±20% 25 В)',2,1,'конденсатор','2022-03-16 12:03:21'),(200,'10TPE330M (330 мкФ ±20% 10 В)',2,1,'конденсатор','2022-03-16 12:03:21'),(201,'ADG849YKSZ',24,1,'микросхема','2022-03-16 12:03:21'),(202,'ADN2850BCPZ25',24,1,'микросхема','2022-03-16 12:03:21'),(203,'ADN2850BCPZ250',24,1,'микросхема','2022-03-16 12:03:21'),(204,'AD8211YRJZ-R2',24,1,'микросхема','2022-03-16 12:03:21'),(205,'ADN2830ACPZ32',24,1,'микросхема','2022-03-16 12:03:21'),(206,'MAX1978ETM+',24,1,'микросхема','2022-03-16 12:03:21'),(207,'TPS62085RLT',24,1,'микросхема','2022-03-16 12:03:21'),(208,'MCP9804-E/MS',24,1,'микросхема','2022-03-16 12:03:21'),(209,'GXO3232L/E 16 MHz',6,1,'кварц','2022-03-16 12:03:21'),(210,'LQH32PN3R3NNC  (1210 3,3 мкГн 1,9 A)',2,1,'индуктивность','2022-03-16 12:03:21'),(211,'XFL4015-471ME (0,47 мкГн ±20% 6,6 А)',2,1,'индуктивность','2022-03-16 12:03:21'),(212,'RC0402JR-073K9L (0402 3,9 кОм ±5% 50 В)',2,1,'резистор','2022-03-16 12:03:21'),(213,'RC0402JR-072KL (0402 2 кОм ±5% 50 В)',2,1,'резистор','2022-03-16 12:03:21'),(214,'RC0402JR-0718RL (0402 18 Ом ±5% 50 В)',2,1,'резистор','2022-03-16 12:03:21'),(215,'RC0402JR-07510RL (0402 510 Ом ±5% 50 В)',2,1,'резистор','2022-03-16 12:03:21'),(216,'RC1206JR-070RL (1206 0 Ом ±5% 200 В)',2,1,'резистор','2022-03-16 12:03:21'),(217,'WSL1206R5000FEA (1206 0,5 Ом ±1 %)',2,1,'резистор','2022-03-16 12:03:21'),(218,'RC0402JR-073KL (0402 3 кОм ±5% 50 В)',2,1,'резистор','2022-03-16 12:03:21'),(219,'RC0402JR-0710KL (0402 10 кОм ±5% 50 В)',2,1,'резистор','2022-03-16 12:03:21'),(220,'WSL1206R1500FEA (1206 150 мОм ±1%)',2,1,'резистор','2022-03-16 12:03:21'),(221,'RC0603JR-07330RL (0603 330 Ом ±5% 50 В)',2,1,'резистор','2022-03-16 12:03:21'),(222,'RC0603JR-0713RL (0603 13 Ом ±5% 50 В)',2,1,'резистор','2022-03-16 12:03:21'),(223,'RC0402JR-0768KL (0402 68 кОм ±5% 50 В)',2,1,'резистор','2022-03-16 12:03:21'),(224,'RC0402JR-0720KL (0402 20 кОм ±5% 50 В)',2,1,'резистор','2022-03-16 12:03:21'),(225,'RC0402JR-071ML (0402 1 МОм ±5% 50 В)',2,1,'резистор','2022-03-16 12:03:21'),(226,'RC0402JR-0782KL (0402 82 кОм ±5% 50 В)',2,1,'резистор','2022-03-16 12:03:21'),(227,'RC0603JR-07820RL (0603 820 Ом ±5% 50 В)',2,1,'резистор','2022-03-16 12:03:21'),(228,'RC0603JR-070RL (0603 0 Ом ±5% 50 В)',2,1,'резистор','2022-03-16 12:03:21'),(229,'RC0402JR-07150KL (0402 150 кОм ±5% 50 В)',2,1,'резистор','2022-03-16 12:03:21'),(230,'RC0603JR-07150KL (0603 150 кОм ±5% 50 В)',2,1,'резистор','2022-03-16 12:03:21'),(231,'RC0603JR-07430KL (0603 430 кОм ±5% 50 В)',2,1,'резистор','2022-03-16 12:03:21'),(232,'RC0603JR-07160RL (0603 160 Ом ±5% 50 В)',2,1,'резистор','2022-03-16 12:03:21'),(233,'RC0402JR-074K7L (0402 4,7 кОм ±5% 50 В)',2,1,'резистор','2022-03-16 12:03:21'),(234,'QTLP600C4TR',2,1,'диод','2022-03-16 12:03:21'),(235,'PTD0075A',2,1,'диод','2022-03-16 12:03:21'),(236,'TLMO1000-GS08',2,1,'светодиод','2022-03-16 12:03:21'),(237,'SK32A',2,1,'диод','2022-03-16 12:03:21'),(238,'MMBT3904-7-F',6,1,'транзистор','2022-03-16 12:03:21'),(239,'DBPC103A056-130',16,2,'разъем','2022-03-16 12:03:21'),(240,'PLS2-4',4,2,'разъем','2022-03-16 12:03:21'),(241,'RC0603JR-071MRL (0603 1Mom+_5%)',2,1,'резистор','2022-03-16 12:03:21'),(242,'PGB1010402TR',10,1,'транзистор','2022-03-16 12:03:21');
/*!40000 ALTER TABLE `Goods` ENABLE KEYS */;
UNLOCK TABLES;

--
-- Table structure for table `Invoice`
--

DROP TABLE IF EXISTS `Invoice`;
/*!40101 SET @saved_cs_client     = @@character_set_client */;
/*!50503 SET character_set_client = utf8mb4 */;
CREATE TABLE `Invoice` (
  `id` bigint NOT NULL AUTO_INCREMENT,
  `NameInvoice` varchar(250) NOT NULL,
  `DataCreate` date NOT NULL,
  `Payment` decimal(20,6) NOT NULL DEFAULT '0.000000',
  `LastUpdate` timestamp NOT NULL DEFAULT CURRENT_TIMESTAMP ON UPDATE CURRENT_TIMESTAMP,
  PRIMARY KEY (`id`),
  UNIQUE KEY `unique_Invoice` (`NameInvoice`)
) ENGINE=InnoDB AUTO_INCREMENT=3 DEFAULT CHARSET=utf8mb4 COLLATE=utf8mb4_0900_ai_ci;
/*!40101 SET character_set_client = @saved_cs_client */;

--
-- Dumping data for table `Invoice`
--

LOCK TABLES `Invoice` WRITE;
/*!40000 ALTER TABLE `Invoice` DISABLE KEYS */;
INSERT INTO `Invoice` VALUES (1,'','0001-01-01',0.000000,'2022-03-16 12:03:21'),(2,'Av001','2020-05-06',0.000000,'2022-03-16 12:03:21');
/*!40000 ALTER TABLE `Invoice` ENABLE KEYS */;
UNLOCK TABLES;

--
-- Table structure for table `Module`
--

DROP TABLE IF EXISTS `Module`;
/*!40101 SET @saved_cs_client     = @@character_set_client */;
/*!50503 SET character_set_client = utf8mb4 */;
CREATE TABLE `Module` (
  `id` int NOT NULL AUTO_INCREMENT,
  `NameModule` varchar(250) NOT NULL,
  `Constructor_id` int NOT NULL DEFAULT '1',
  `Description` text,
  `LastUpdate` timestamp NOT NULL DEFAULT CURRENT_TIMESTAMP ON UPDATE CURRENT_TIMESTAMP,
  PRIMARY KEY (`id`),
  UNIQUE KEY `unique_Module` (`NameModule`),
  KEY `FK_72` (`Constructor_id`),
  CONSTRAINT `FK_72` FOREIGN KEY (`Constructor_id`) REFERENCES `People` (`id`)
) ENGINE=InnoDB AUTO_INCREMENT=6 DEFAULT CHARSET=utf8mb4 COLLATE=utf8mb4_0900_ai_ci;
/*!40101 SET character_set_client = @saved_cs_client */;

--
-- Dumping data for table `Module`
--

LOCK TABLES `Module` WRITE;
/*!40000 ALTER TABLE `Module` DISABLE KEYS */;
INSERT INTO `Module` VALUES (1,'468181.666',2,NULL,'2022-03-16 12:03:21'),(2,'468352.070',2,NULL,'2022-03-16 12:03:21'),(3,'468716.001',2,NULL,'2022-03-16 12:03:21'),(4,'468214.100',2,NULL,'2022-03-16 12:03:21'),(5,'436637.043',2,NULL,'2022-03-16 12:03:21');
/*!40000 ALTER TABLE `Module` ENABLE KEYS */;
UNLOCK TABLES;

--
-- Table structure for table `ModuleSpecification`
--

DROP TABLE IF EXISTS `ModuleSpecification`;
/*!40101 SET @saved_cs_client     = @@character_set_client */;
/*!50503 SET character_set_client = utf8mb4 */;
CREATE TABLE `ModuleSpecification` (
  `id` bigint NOT NULL AUTO_INCREMENT,
  `Goods_Id` bigint NOT NULL,
  `Module_Id` int NOT NULL,
  `Quantity` decimal(20,6) NOT NULL,
  `unit` varchar(250) NOT NULL,
  `NumberCustomer` int NOT NULL DEFAULT '0',
  `NumberSpecification` int NOT NULL DEFAULT '0',
  `Position` text,
  `Note` text,
  `LastUpdate` timestamp NOT NULL DEFAULT CURRENT_TIMESTAMP ON UPDATE CURRENT_TIMESTAMP,
  PRIMARY KEY (`id`),
  KEY `FK_41` (`Goods_Id`),
  KEY `FK_76` (`Module_Id`),
  CONSTRAINT `FK_41` FOREIGN KEY (`Goods_Id`) REFERENCES `Goods` (`id`),
  CONSTRAINT `FK_76` FOREIGN KEY (`Module_Id`) REFERENCES `Module` (`id`)
) ENGINE=InnoDB AUTO_INCREMENT=512 DEFAULT CHARSET=utf8mb4 COLLATE=utf8mb4_0900_ai_ci;
/*!40101 SET character_set_client = @saved_cs_client */;

--
-- Dumping data for table `ModuleSpecification`
--

LOCK TABLES `ModuleSpecification` WRITE;
/*!40000 ALTER TABLE `ModuleSpecification` DISABLE KEYS */;
INSERT INTO `ModuleSpecification` VALUES (1,89,1,1.000000,'шт.',1,0,NULL,NULL,'2022-03-16 12:07:03'),(2,90,1,1.000000,'шт.',2,0,NULL,NULL,'2022-03-16 12:07:03'),(3,91,1,1.000000,'шт.',3,0,NULL,NULL,'2022-03-16 12:07:03'),(4,92,1,1.000000,'шт.',4,0,NULL,NULL,'2022-03-16 12:07:03'),(5,93,1,2.000000,'шт.',5,0,NULL,NULL,'2022-03-16 12:07:03'),(6,94,1,1.000000,'шт.',6,0,NULL,NULL,'2022-03-16 12:07:03'),(7,95,1,1.000000,'шт.',7,0,NULL,NULL,'2022-03-16 12:07:03'),(8,96,1,6.000000,'шт.',8,0,NULL,NULL,'2022-03-16 12:07:03'),(9,97,1,2.000000,'шт.',9,0,NULL,NULL,'2022-03-16 12:07:03'),(10,98,1,2.000000,'шт.',10,0,NULL,NULL,'2022-03-16 12:07:03'),(11,99,1,1.000000,'шт.',11,0,NULL,NULL,'2022-03-16 12:07:03'),(12,100,1,2.000000,'шт.',12,0,NULL,NULL,'2022-03-16 12:07:03'),(13,101,1,2.000000,'шт.',13,0,NULL,NULL,'2022-03-16 12:07:03'),(14,102,1,4.000000,'шт.',14,0,NULL,NULL,'2022-03-16 12:07:03'),(15,103,1,4.000000,'шт.',15,0,NULL,NULL,'2022-03-16 12:07:03'),(16,104,1,2.000000,'шт.',16,0,NULL,NULL,'2022-03-16 12:07:03'),(17,105,1,11.000000,'шт.',17,0,NULL,NULL,'2022-03-16 12:07:03'),(18,106,1,1.000000,'шт.',18,0,NULL,NULL,'2022-03-16 12:07:03'),(19,107,1,1.000000,'шт.',19,0,NULL,NULL,'2022-03-16 12:07:03'),(20,108,1,1.000000,'шт.',20,0,NULL,NULL,'2022-03-16 12:07:03'),(21,109,1,1.000000,'шт.',21,0,NULL,NULL,'2022-03-16 12:07:03'),(22,110,1,1.000000,'шт.',22,0,NULL,NULL,'2022-03-16 12:07:03'),(23,111,1,1.000000,'шт.',23,0,NULL,NULL,'2022-03-16 12:07:03'),(24,112,1,1.000000,'шт.',24,0,NULL,NULL,'2022-03-16 12:07:03'),(25,113,1,1.000000,'шт.',25,0,NULL,NULL,'2022-03-16 12:07:03'),(26,114,1,10.000000,'шт.',26,0,NULL,NULL,'2022-03-16 12:07:03'),(27,115,1,2.000000,'шт.',27,0,NULL,NULL,'2022-03-16 12:07:03'),(28,116,1,1.000000,'шт.',28,0,NULL,NULL,'2022-03-16 12:07:03'),(29,117,1,1.000000,'шт.',29,0,NULL,NULL,'2022-03-16 12:07:03'),(30,118,1,2.000000,'шт.',30,0,NULL,NULL,'2022-03-16 12:07:03'),(31,119,1,1.000000,'шт.',31,0,NULL,NULL,'2022-03-16 12:07:03'),(32,120,1,2.000000,'шт.',32,0,NULL,NULL,'2022-03-16 12:07:03'),(33,121,1,1.000000,'шт.',33,0,NULL,NULL,'2022-03-16 12:07:03'),(34,122,1,1.000000,'шт.',34,0,NULL,NULL,'2022-03-16 12:07:03'),(35,123,1,1.000000,'шт.',35,0,NULL,NULL,'2022-03-16 12:07:03'),(36,124,1,1.000000,'шт.',36,0,NULL,NULL,'2022-03-16 12:07:03'),(37,125,1,1.000000,'шт.',37,0,NULL,NULL,'2022-03-16 12:07:03'),(38,126,1,1.000000,'шт.',38,0,NULL,NULL,'2022-03-16 12:07:03'),(39,127,1,1.000000,'шт.',39,0,NULL,NULL,'2022-03-16 12:07:03'),(40,128,1,1.000000,'шт.',40,0,NULL,NULL,'2022-03-16 12:07:03'),(41,138,2,32.000000,'шт.',1,0,NULL,NULL,'2022-03-16 12:07:03'),(42,167,2,18.000000,'шт.',2,0,NULL,NULL,'2022-03-16 12:07:03'),(43,168,2,12.000000,'шт.',3,0,NULL,NULL,'2022-03-16 12:07:03'),(44,169,2,5.000000,'шт.',4,0,NULL,NULL,'2022-03-16 12:07:03'),(45,170,2,3.000000,'шт.',5,0,NULL,NULL,'2022-03-16 12:07:03'),(46,171,2,2.000000,'шт.',6,0,NULL,NULL,'2022-03-16 12:07:03'),(47,172,2,1.000000,'шт.',7,0,NULL,NULL,'2022-03-16 12:07:03'),(48,173,2,8.000000,'шт.',8,0,NULL,NULL,'2022-03-16 12:07:03'),(49,174,2,11.000000,'шт.',9,0,NULL,NULL,'2022-03-16 12:07:03'),(50,175,2,1.000000,'шт.',10,0,NULL,NULL,'2022-03-16 12:07:03'),(51,176,2,1.000000,'шт.',11,0,NULL,NULL,'2022-03-16 12:07:03'),(52,177,2,1.000000,'шт.',12,0,NULL,NULL,'2022-03-16 12:07:03'),(53,178,2,1.000000,'шт.',13,0,NULL,NULL,'2022-03-16 12:07:03'),(54,179,2,1.000000,'шт.',14,0,NULL,NULL,'2022-03-16 12:07:03'),(55,218,2,8.000000,'шт.',15,0,NULL,NULL,'2022-03-16 12:07:03'),(56,180,2,1.000000,'шт.',16,0,NULL,NULL,'2022-03-16 12:07:03'),(57,114,2,2.000000,'шт.',17,0,NULL,NULL,'2022-03-16 12:07:03'),(58,181,2,1.000000,'шт.',18,0,NULL,NULL,'2022-03-16 12:07:03'),(59,182,2,1.000000,'шт.',19,0,NULL,NULL,'2022-03-16 12:07:03'),(60,115,2,1.000000,'шт.',20,0,NULL,NULL,'2022-03-16 12:07:03'),(61,183,2,4.000000,'шт.',21,0,NULL,NULL,'2022-03-16 12:07:03'),(62,184,2,1.000000,'шт.',22,0,NULL,NULL,'2022-03-16 12:07:03'),(63,185,2,1.000000,'шт.',23,0,NULL,NULL,'2022-03-16 12:07:03'),(64,186,2,4.000000,'шт.',24,0,NULL,NULL,'2022-03-16 12:07:03'),(65,187,2,1.000000,'шт.',25,0,NULL,NULL,'2022-03-16 12:07:03'),(66,188,2,5.000000,'шт.',26,0,NULL,NULL,'2022-03-16 12:07:03'),(67,189,2,1.000000,'шт.',27,0,NULL,NULL,'2022-03-16 12:07:03'),(68,102,3,34.000000,'шт.',1,0,NULL,NULL,'2022-03-16 12:07:03'),(69,105,3,2.000000,'шт.',2,0,NULL,NULL,'2022-03-16 12:07:03'),(70,169,3,2.000000,'шт.',3,0,NULL,NULL,'2022-03-16 12:07:03'),(71,190,3,11.000000,'шт.',4,0,NULL,NULL,'2022-03-16 12:07:03'),(72,191,3,6.000000,'шт.',5,0,NULL,NULL,'2022-03-16 12:07:03'),(73,192,3,20.000000,'шт.',6,0,NULL,NULL,'2022-03-16 12:07:03'),(74,193,3,2.000000,'шт.',7,0,NULL,NULL,'2022-03-16 12:07:03'),(75,194,3,5.000000,'шт.',8,0,NULL,NULL,'2022-03-16 12:07:03'),(76,195,3,2.000000,'шт.',9,0,NULL,NULL,'2022-03-16 12:07:03'),(77,196,3,2.000000,'шт.',10,0,NULL,NULL,'2022-03-16 12:07:03'),(78,197,3,7.000000,'шт.',11,0,NULL,NULL,'2022-03-16 12:07:03'),(79,198,3,2.000000,'шт.',12,0,NULL,NULL,'2022-03-16 12:07:03'),(80,199,3,1.000000,'шт.',13,0,NULL,NULL,'2022-03-16 12:07:03'),(81,200,3,2.000000,'шт.',14,0,NULL,NULL,'2022-03-16 12:07:03'),(82,201,3,1.000000,'шт.',15,0,NULL,NULL,'2022-03-16 12:07:03'),(83,202,3,1.000000,'шт.',16,0,NULL,NULL,'2022-03-16 12:07:03'),(84,203,3,2.000000,'шт.',17,0,NULL,NULL,'2022-03-16 12:07:03'),(85,204,3,2.000000,'шт.',18,0,NULL,NULL,'2022-03-16 12:07:03'),(86,145,3,2.000000,'шт.',19,0,NULL,NULL,'2022-03-16 12:07:03'),(87,205,3,2.000000,'шт.',20,0,NULL,NULL,'2022-03-16 12:07:03'),(88,141,3,1.000000,'шт.',21,0,NULL,NULL,'2022-03-16 12:07:03'),(89,112,3,1.000000,'шт.',22,0,NULL,NULL,'2022-03-16 12:07:03'),(90,206,3,1.000000,'шт.',23,0,NULL,NULL,'2022-03-16 12:07:03'),(91,174,3,2.000000,'шт.',24,0,NULL,NULL,'2022-03-16 12:07:03'),(92,207,3,2.000000,'шт.',25,0,NULL,NULL,'2022-03-16 12:07:03'),(93,208,3,1.000000,'шт.',26,0,NULL,NULL,'2022-03-16 12:07:03'),(94,209,3,4.000000,'шт.',27,0,NULL,NULL,'2022-03-16 12:07:03'),(95,210,3,1.000000,'шт.',28,0,NULL,NULL,'2022-03-16 12:07:03'),(96,211,3,4.000000,'шт.',29,0,NULL,NULL,'2022-03-16 12:07:03'),(97,212,3,8.000000,'шт.',30,0,NULL,NULL,'2022-03-16 12:07:03'),(98,213,3,6.000000,'шт.',31,0,NULL,NULL,'2022-03-16 12:07:03'),(99,214,3,2.000000,'шт.',32,0,NULL,NULL,'2022-03-16 12:07:03'),(100,215,3,2.000000,'шт.',33,0,NULL,NULL,'2022-03-16 12:07:03'),(101,216,3,2.000000,'шт.',34,0,NULL,NULL,'2022-03-16 12:07:03'),(102,217,3,2.000000,'шт.',35,0,NULL,NULL,'2022-03-16 12:07:03'),(103,116,3,18.000000,'шт.',36,0,NULL,NULL,'2022-03-16 12:07:03'),(104,218,3,28.000000,'шт.',37,0,NULL,NULL,'2022-03-16 12:07:03'),(105,219,3,4.000000,'шт.',38,0,NULL,NULL,'2022-03-16 12:07:03'),(106,220,3,4.000000,'шт.',39,0,NULL,NULL,'2022-03-16 12:07:03'),(107,221,3,2.000000,'шт.',40,0,NULL,NULL,'2022-03-16 12:07:03'),(108,150,3,6.000000,'шт.',41,0,NULL,NULL,'2022-03-16 12:07:03'),(109,149,3,9.000000,'шт.',42,0,NULL,NULL,'2022-03-16 12:07:03'),(110,222,3,2.000000,'шт.',43,0,NULL,NULL,'2022-03-16 12:07:03'),(111,223,3,4.000000,'шт.',44,0,NULL,NULL,'2022-03-16 12:07:03'),(112,224,3,2.000000,'шт.',45,0,NULL,NULL,'2022-03-16 12:07:03'),(113,225,3,2.000000,'шт.',46,0,NULL,NULL,'2022-03-16 12:07:03'),(114,226,3,2.000000,'шт.',47,0,NULL,NULL,'2022-03-16 12:07:03'),(115,227,3,8.000000,'шт.',48,0,NULL,NULL,'2022-03-16 12:07:03'),(116,228,3,4.000000,'шт.',49,0,NULL,NULL,'2022-03-16 12:07:03'),(117,229,3,1.000000,'шт.',50,0,NULL,NULL,'2022-03-16 12:07:03'),(118,230,3,1.000000,'шт.',51,0,NULL,NULL,'2022-03-16 12:07:03'),(119,224,3,1.000000,'шт.',52,0,NULL,NULL,'2022-03-16 12:07:03'),(120,231,3,3.000000,'шт.',53,0,NULL,NULL,'2022-03-16 12:07:03'),(121,127,3,2.000000,'шт.',54,0,NULL,NULL,'2022-03-16 12:07:03'),(122,148,3,1.000000,'шт.',55,0,NULL,NULL,'2022-03-16 12:07:03'),(123,115,3,3.000000,'шт.',56,0,NULL,NULL,'2022-03-16 12:07:03'),(124,232,3,2.000000,'шт.',57,0,NULL,NULL,'2022-03-16 12:07:03'),(125,233,3,4.000000,'шт.',58,0,NULL,NULL,'2022-03-16 12:07:03'),(126,234,3,2.000000,'шт.',59,0,NULL,NULL,'2022-03-16 12:07:03'),(127,124,3,1.000000,'шт.',60,0,NULL,NULL,'2022-03-16 12:07:03'),(128,125,3,1.000000,'шт.',61,0,NULL,NULL,'2022-03-16 12:07:03'),(129,235,3,1.000000,'шт.',62,0,NULL,NULL,'2022-03-16 12:07:03'),(130,236,3,1.000000,'шт.',63,0,NULL,NULL,'2022-03-16 12:07:03'),(131,241,3,2.000000,'шт.',64,0,NULL,NULL,'2022-03-16 12:07:03'),(132,237,3,6.000000,'шт.',65,0,NULL,NULL,'2022-03-16 12:07:03'),(133,68,3,2.000000,'шт.',66,0,NULL,NULL,'2022-03-16 12:07:03'),(134,238,3,1.000000,'шт.',67,0,NULL,NULL,'2022-03-16 12:07:03'),(135,162,3,1.000000,'шт.',68,0,NULL,NULL,'2022-03-16 12:07:03'),(136,96,3,19.000000,'шт.',69,0,NULL,NULL,'2022-03-16 12:07:03'),(137,97,3,16.000000,'шт.',70,0,NULL,NULL,'2022-03-16 12:07:03'),(138,239,3,1.000000,'шт.',71,0,NULL,NULL,'2022-03-16 12:07:03'),(139,240,3,2.000000,'шт.',72,0,NULL,NULL,'2022-03-16 12:07:03'),(140,129,4,1.000000,'шт.',1,0,NULL,NULL,'2022-03-16 12:07:03'),(141,102,4,9.000000,'шт.',2,0,NULL,NULL,'2022-03-16 12:07:03'),(142,53,4,2.000000,'шт.',3,0,NULL,NULL,'2022-03-16 12:07:03'),(143,101,4,1.000000,'шт.',4,0,NULL,NULL,'2022-03-16 12:07:03'),(144,130,4,15.000000,'шт.',5,0,NULL,NULL,'2022-03-16 12:07:03'),(145,131,4,2.000000,'шт.',6,0,NULL,NULL,'2022-03-16 12:07:03'),(146,104,4,1.000000,'шт.',7,0,NULL,NULL,'2022-03-16 12:07:03'),(147,132,4,1.000000,'шт.',8,0,NULL,NULL,'2022-03-16 12:07:03'),(148,133,4,1.000000,'шт.',9,0,NULL,NULL,'2022-03-16 12:07:03'),(149,134,4,3.000000,'шт.',10,0,NULL,NULL,'2022-03-16 12:07:03'),(150,135,4,1.000000,'шт.',11,0,NULL,NULL,'2022-03-16 12:07:03'),(151,136,4,1.000000,'шт.',12,0,NULL,NULL,'2022-03-16 12:07:03'),(152,137,4,1.000000,'шт.',13,0,NULL,NULL,'2022-03-16 12:07:03'),(153,138,4,6.000000,'шт.',14,0,NULL,NULL,'2022-03-16 12:07:03'),(154,139,4,6.000000,'шт.',15,0,NULL,NULL,'2022-03-16 12:07:03'),(155,140,4,1.000000,'шт.',16,0,NULL,NULL,'2022-03-16 12:07:03'),(156,105,4,1.000000,'шт.',17,0,NULL,NULL,'2022-03-16 12:07:03'),(157,141,4,1.000000,'шт.',18,0,NULL,NULL,'2022-03-16 12:07:03'),(158,142,4,1.000000,'шт.',19,0,NULL,NULL,'2022-03-16 12:07:03'),(159,143,4,1.000000,'шт.',20,0,NULL,NULL,'2022-03-16 12:07:03'),(160,144,4,3.000000,'шт.',21,0,NULL,NULL,'2022-03-16 12:07:03'),(161,145,4,1.000000,'шт.',22,0,NULL,NULL,'2022-03-16 12:07:03'),(162,146,4,1.000000,'шт.',23,0,NULL,NULL,'2022-03-16 12:07:03'),(163,147,4,7.000000,'шт.',24,0,NULL,NULL,'2022-03-16 12:07:03'),(164,148,4,1.000000,'шт.',25,0,NULL,NULL,'2022-03-16 12:07:03'),(165,149,4,2.000000,'шт.',26,0,NULL,NULL,'2022-03-16 12:07:03'),(166,114,4,1.000000,'шт.',27,0,NULL,NULL,'2022-03-16 12:07:03'),(167,150,4,4.000000,'шт.',28,0,NULL,NULL,'2022-03-16 12:07:03'),(168,151,4,3.000000,'шт.',29,0,NULL,NULL,'2022-03-16 12:07:03'),(169,152,4,1.000000,'шт.',30,0,NULL,NULL,'2022-03-16 12:07:03'),(170,153,4,1.000000,'шт.',31,0,NULL,NULL,'2022-03-16 12:07:03'),(171,154,4,1.000000,'шт.',32,0,NULL,NULL,'2022-03-16 12:07:03'),(172,155,4,6.000000,'шт.',33,0,NULL,NULL,'2022-03-16 12:07:03'),(173,127,4,3.000000,'шт.',34,0,NULL,NULL,'2022-03-16 12:07:03'),(174,156,4,1.000000,'шт.',35,0,NULL,NULL,'2022-03-16 12:07:03'),(175,157,4,2.000000,'шт.',36,0,NULL,NULL,'2022-03-16 12:07:03'),(176,5,4,2.000000,'шт.',37,0,NULL,NULL,'2022-03-16 12:07:03'),(177,158,4,1.000000,'шт.',38,0,NULL,NULL,'2022-03-16 12:07:03'),(178,159,4,1.000000,'шт.',39,0,NULL,NULL,'2022-03-16 12:07:03'),(179,160,4,1.000000,'шт.',40,0,NULL,NULL,'2022-03-16 12:07:03'),(180,3,4,1.000000,'шт.',41,0,NULL,NULL,'2022-03-16 12:07:03'),(181,161,4,1.000000,'шт.',42,0,NULL,NULL,'2022-03-16 12:07:03'),(182,162,4,1.000000,'шт.',43,0,NULL,NULL,'2022-03-16 12:07:03'),(183,163,4,1.000000,'шт.',44,0,NULL,NULL,'2022-03-16 12:07:03'),(184,164,4,1.000000,'шт.',45,0,NULL,NULL,'2022-03-16 12:07:03'),(185,165,4,5.000000,'шт.',46,0,NULL,NULL,'2022-03-16 12:07:03'),(186,97,4,4.000000,'шт.',47,0,NULL,NULL,'2022-03-16 12:07:03'),(187,166,4,2.000000,'шт.',48,0,NULL,NULL,'2022-03-16 12:07:03'),(188,1,5,5.000000,'шт.',1,0,NULL,NULL,'2022-03-16 12:07:03'),(189,2,5,1.000000,'шт.',2,0,NULL,NULL,'2022-03-16 12:07:03'),(190,3,5,2.000000,'шт.',3,0,NULL,NULL,'2022-03-16 12:07:03'),(191,4,5,1.000000,'шт.',4,0,NULL,NULL,'2022-03-16 12:07:03'),(192,5,5,1.000000,'шт.',5,0,NULL,NULL,'2022-03-16 12:07:03'),(193,6,5,3.000000,'шт.',6,0,NULL,NULL,'2022-03-16 12:07:03'),(194,7,5,6.000000,'шт.',7,0,NULL,NULL,'2022-03-16 12:07:03'),(195,8,5,5.000000,'шт.',8,0,NULL,NULL,'2022-03-16 12:07:03'),(196,9,5,2.000000,'шт.',9,0,NULL,NULL,'2022-03-16 12:07:03'),(197,10,5,4.000000,'шт.',10,0,NULL,NULL,'2022-03-16 12:07:03'),(198,11,5,1.000000,'шт.',11,0,NULL,NULL,'2022-03-16 12:07:03'),(199,12,5,3.000000,'шт.',12,0,NULL,NULL,'2022-03-16 12:07:03'),(200,13,5,1.000000,'шт.',13,0,NULL,NULL,'2022-03-16 12:07:03'),(201,14,5,1.000000,'шт.',14,0,NULL,NULL,'2022-03-16 12:07:03'),(202,15,5,1.000000,'шт.',15,0,NULL,NULL,'2022-03-16 12:07:03'),(203,16,5,4.000000,'шт.',16,0,NULL,NULL,'2022-03-16 12:07:03'),(204,17,5,4.000000,'шт.',17,0,NULL,NULL,'2022-03-16 12:07:03'),(205,18,5,1.000000,'шт.',18,0,NULL,NULL,'2022-03-16 12:07:03'),(206,19,5,3.000000,'шт.',19,0,NULL,NULL,'2022-03-16 12:07:03'),(207,20,5,15.000000,'шт.',20,0,NULL,NULL,'2022-03-16 12:07:03'),(208,21,5,2.000000,'шт.',21,0,NULL,NULL,'2022-03-16 12:07:03'),(209,22,5,8.000000,'шт.',22,0,NULL,NULL,'2022-03-16 12:07:03'),(210,23,5,5.000000,'шт.',23,0,NULL,NULL,'2022-03-16 12:07:03'),(211,24,5,4.000000,'шт.',24,0,NULL,NULL,'2022-03-16 12:07:03'),(212,25,5,1.000000,'шт.',25,0,NULL,NULL,'2022-03-16 12:07:03'),(213,26,5,1.000000,'шт.',26,0,NULL,NULL,'2022-03-16 12:07:03'),(214,27,5,6.000000,'шт.',27,0,NULL,NULL,'2022-03-16 12:07:03'),(215,28,5,1.000000,'шт.',28,0,NULL,NULL,'2022-03-16 12:07:03'),(216,29,5,1.000000,'шт.',29,0,NULL,NULL,'2022-03-16 12:07:03'),(217,30,5,3.000000,'шт.',30,0,NULL,NULL,'2022-03-16 12:07:03'),(218,31,5,1.000000,'шт.',31,0,NULL,NULL,'2022-03-16 12:07:03'),(219,32,5,2.000000,'шт.',32,0,NULL,NULL,'2022-03-16 12:07:03'),(220,33,5,8.000000,'шт.',33,0,NULL,NULL,'2022-03-16 12:07:03'),(221,34,5,3.000000,'шт.',34,0,NULL,NULL,'2022-03-16 12:07:03'),(222,35,5,6.000000,'шт.',35,0,NULL,NULL,'2022-03-16 12:07:03'),(223,36,5,1.000000,'шт.',36,0,NULL,NULL,'2022-03-16 12:07:03'),(224,37,5,5.000000,'шт.',37,0,NULL,NULL,'2022-03-16 12:07:03'),(225,38,5,11.000000,'шт.',38,0,NULL,NULL,'2022-03-16 12:07:03'),(226,39,5,5.000000,'шт.',39,0,NULL,NULL,'2022-03-16 12:07:03'),(227,40,5,2.000000,'шт.',40,0,NULL,NULL,'2022-03-16 12:07:03'),(228,41,5,1.000000,'шт.',41,0,NULL,NULL,'2022-03-16 12:07:03'),(229,42,5,1.000000,'шт.',42,0,NULL,NULL,'2022-03-16 12:07:03'),(230,43,5,1.000000,'шт.',43,0,NULL,NULL,'2022-03-16 12:07:03'),(231,44,5,2.000000,'шт.',44,0,NULL,NULL,'2022-03-16 12:07:03'),(232,45,5,5.000000,'шт.',45,0,NULL,NULL,'2022-03-16 12:07:03'),(233,46,5,1.000000,'шт.',46,0,NULL,NULL,'2022-03-16 12:07:03'),(234,47,5,5.000000,'шт.',47,0,NULL,NULL,'2022-03-16 12:07:03'),(235,47,5,12.000000,'шт.',48,0,NULL,NULL,'2022-03-16 12:07:03'),(236,48,5,3.000000,'шт.',49,0,NULL,NULL,'2022-03-16 12:07:03'),(237,49,5,3.000000,'шт.',50,0,NULL,NULL,'2022-03-16 12:07:03'),(238,50,5,3.000000,'шт.',51,0,NULL,NULL,'2022-03-16 12:07:03'),(239,51,5,3.000000,'шт.',52,0,NULL,NULL,'2022-03-16 12:07:03'),(240,52,5,2.000000,'шт.',53,0,NULL,NULL,'2022-03-16 12:07:03'),(241,53,5,2.000000,'шт.',54,0,NULL,NULL,'2022-03-16 12:07:03'),(242,54,5,5.000000,'шт.',55,0,NULL,NULL,'2022-03-16 12:07:03'),(243,55,5,1.000000,'шт.',56,0,NULL,NULL,'2022-03-16 12:07:03'),(244,56,5,9.000000,'шт.',57,0,NULL,NULL,'2022-03-16 12:07:03'),(245,57,5,1.000000,'шт.',58,0,NULL,NULL,'2022-03-16 12:07:03'),(246,58,5,3.000000,'шт.',59,0,NULL,NULL,'2022-03-16 12:07:03'),(247,59,5,5.000000,'шт.',60,0,NULL,NULL,'2022-03-16 12:07:03'),(248,60,5,1.000000,'шт.',61,0,NULL,NULL,'2022-03-16 12:07:03'),(249,61,5,6.000000,'шт.',62,0,NULL,NULL,'2022-03-16 12:07:03'),(250,62,5,1.000000,'шт.',63,0,NULL,NULL,'2022-03-16 12:07:03'),(251,63,5,3.000000,'шт.',64,0,NULL,NULL,'2022-03-16 12:07:03'),(252,64,5,3.000000,'шт.',65,0,NULL,NULL,'2022-03-16 12:07:03'),(253,65,5,6.000000,'шт.',66,0,NULL,NULL,'2022-03-16 12:07:03'),(254,66,5,3.000000,'шт.',67,0,NULL,NULL,'2022-03-16 12:07:03'),(255,67,5,3.000000,'шт.',68,0,NULL,NULL,'2022-03-16 12:07:03'),(256,68,5,5.000000,'шт.',69,0,NULL,NULL,'2022-03-16 12:07:03'),(257,69,5,4.000000,'шт.',70,0,NULL,NULL,'2022-03-16 12:07:03'),(258,70,5,1.000000,'шт.',71,0,NULL,NULL,'2022-03-16 12:07:03'),(259,71,5,6.000000,'шт.',72,0,NULL,NULL,'2022-03-16 12:07:03'),(260,72,5,2.000000,'шт.',73,0,NULL,NULL,'2022-03-16 12:07:03'),(261,73,5,5.000000,'шт.',74,0,NULL,NULL,'2022-03-16 12:07:03'),(262,74,5,3.000000,'шт.',75,0,NULL,NULL,'2022-03-16 12:07:03'),(263,75,5,3.000000,'шт.',76,0,NULL,NULL,'2022-03-16 12:07:03'),(264,76,5,1.000000,'шт.',77,0,NULL,NULL,'2022-03-16 12:07:03'),(265,77,5,1.000000,'шт.',78,0,NULL,NULL,'2022-03-16 12:07:03'),(266,78,5,4.000000,'шт.',79,0,NULL,NULL,'2022-03-16 12:07:03'),(267,79,5,3.000000,'шт.',80,0,NULL,NULL,'2022-03-16 12:07:03'),(268,80,5,4.000000,'шт.',81,0,NULL,NULL,'2022-03-16 12:07:03'),(269,81,5,4.000000,'шт.',82,0,NULL,NULL,'2022-03-16 12:07:03'),(270,82,5,4.000000,'шт.',83,0,NULL,NULL,'2022-03-16 12:07:03'),(271,83,5,12.000000,'шт.',84,0,NULL,NULL,'2022-03-16 12:07:03'),(272,84,5,12.000000,'шт.',85,0,NULL,NULL,'2022-03-16 12:07:03'),(273,85,5,8.000000,'шт.',86,0,NULL,NULL,'2022-03-16 12:07:03'),(274,86,5,8.000000,'шт.',87,0,NULL,NULL,'2022-03-16 12:07:03'),(275,87,5,3.000000,'шт.',88,0,NULL,NULL,'2022-03-16 12:07:03'),(276,88,5,8.000000,'шт.',89,0,NULL,NULL,'2022-03-16 12:07:03');
/*!40000 ALTER TABLE `ModuleSpecification` ENABLE KEYS */;
UNLOCK TABLES;

--
-- Table structure for table `OrderSpecification`
--

DROP TABLE IF EXISTS `OrderSpecification`;
/*!40101 SET @saved_cs_client     = @@character_set_client */;
/*!50503 SET character_set_client = utf8mb4 */;
CREATE TABLE `OrderSpecification` (
  `id` bigint NOT NULL AUTO_INCREMENT,
  `Order_id` bigint NOT NULL,
  `Module_id` int NOT NULL,
  `Quantity` int NOT NULL,
  `Assembly` tinyint(1) NOT NULL DEFAULT '0',
  `LastUpdate` timestamp NOT NULL DEFAULT CURRENT_TIMESTAMP ON UPDATE CURRENT_TIMESTAMP,
  PRIMARY KEY (`id`),
  KEY `FK_52` (`Order_id`),
  KEY `FK_93` (`Module_id`),
  CONSTRAINT `FK_52` FOREIGN KEY (`Order_id`) REFERENCES `Orders` (`id`),
  CONSTRAINT `FK_93` FOREIGN KEY (`Module_id`) REFERENCES `Module` (`id`)
) ENGINE=InnoDB AUTO_INCREMENT=5 DEFAULT CHARSET=utf8mb4 COLLATE=utf8mb4_0900_ai_ci;
/*!40101 SET character_set_client = @saved_cs_client */;

--
-- Dumping data for table `OrderSpecification`
--

LOCK TABLES `OrderSpecification` WRITE;
/*!40000 ALTER TABLE `OrderSpecification` DISABLE KEYS */;
INSERT INTO `OrderSpecification` VALUES (1,1,1,0,0,'2022-03-16 12:03:21'),(2,2,1,12,1,'2022-03-16 12:03:21'),(3,2,2,5,1,'2022-03-16 12:03:21'),(4,2,3,23,1,'2022-03-16 12:03:21');
/*!40000 ALTER TABLE `OrderSpecification` ENABLE KEYS */;
UNLOCK TABLES;

--
-- Table structure for table `Orders`
--

DROP TABLE IF EXISTS `Orders`;
/*!40101 SET @saved_cs_client     = @@character_set_client */;
/*!50503 SET character_set_client = utf8mb4 */;
CREATE TABLE `Orders` (
  `id` bigint NOT NULL AUTO_INCREMENT,
  `nameOrder` varchar(250) NOT NULL DEFAULT '',
  `dataCreate` timestamp NOT NULL DEFAULT CURRENT_TIMESTAMP,
  `customer_id` int NOT NULL DEFAULT '1',
  `deliveryAddress` text NOT NULL,
  `lastUpdate` timestamp NOT NULL DEFAULT CURRENT_TIMESTAMP ON UPDATE CURRENT_TIMESTAMP,
  PRIMARY KEY (`id`),
  UNIQUE KEY `unique_order` (`nameOrder`),
  KEY `FK_21` (`customer_id`),
  CONSTRAINT `FK_21` FOREIGN KEY (`customer_id`) REFERENCES `People` (`id`)
) ENGINE=InnoDB AUTO_INCREMENT=3 DEFAULT CHARSET=utf8mb4 COLLATE=utf8mb4_0900_ai_ci COMMENT='Таблица содержащая заказы';
/*!40101 SET character_set_client = @saved_cs_client */;

--
-- Dumping data for table `Orders`
--

LOCK TABLES `Orders` WRITE;
/*!40000 ALTER TABLE `Orders` DISABLE KEYS */;
INSERT INTO `Orders` VALUES (1,'','2022-03-16 12:03:21',1,'','2022-03-16 12:03:21'),(2,'1 order','2022-03-16 12:03:21',2,'Ростов-на-Дону','2022-03-16 12:03:21');
/*!40000 ALTER TABLE `Orders` ENABLE KEYS */;
UNLOCK TABLES;

--
-- Table structure for table `Organization`
--

DROP TABLE IF EXISTS `Organization`;
/*!40101 SET @saved_cs_client     = @@character_set_client */;
/*!50503 SET character_set_client = utf8mb4 */;
CREATE TABLE `Organization` (
  `id` int NOT NULL AUTO_INCREMENT,
  `NameOrganization` varchar(250) NOT NULL DEFAULT '',
  `Location` varchar(250) NOT NULL DEFAULT '',
  `TypeOrganization` varchar(250) NOT NULL DEFAULT '',
  `LastUpdate` timestamp NOT NULL DEFAULT CURRENT_TIMESTAMP ON UPDATE CURRENT_TIMESTAMP,
  PRIMARY KEY (`id`),
  UNIQUE KEY `NameOrganization` (`NameOrganization`)
) ENGINE=InnoDB AUTO_INCREMENT=5 DEFAULT CHARSET=utf8mb4 COLLATE=utf8mb4_0900_ai_ci;
/*!40101 SET character_set_client = @saved_cs_client */;

--
-- Dumping data for table `Organization`
--

LOCK TABLES `Organization` WRITE;
/*!40000 ALTER TABLE `Organization` DISABLE KEYS */;
INSERT INTO `Organization` VALUES (1,'','','','2022-03-16 12:03:21'),(2,'РНИИРС','г. Ростов-на-Дону','заказчик','2022-03-16 12:03:21'),(3,'Алмаз-СП','г. Москва','исполнитель','2022-03-16 12:03:21'),(4,'Avnet','Europe','производитель','2022-03-16 12:03:21');
/*!40000 ALTER TABLE `Organization` ENABLE KEYS */;
UNLOCK TABLES;

--
-- Table structure for table `People`
--

DROP TABLE IF EXISTS `People`;
/*!40101 SET @saved_cs_client     = @@character_set_client */;
/*!50503 SET character_set_client = utf8mb4 */;
CREATE TABLE `People` (
  `id` int NOT NULL AUTO_INCREMENT,
  `firstName` varchar(250) NOT NULL DEFAULT '',
  `lastName` varchar(250) NOT NULL DEFAULT '',
  `patronymic` varchar(250) NOT NULL DEFAULT '',
  `ofBirth` date NOT NULL,
  `gender` varchar(250) NOT NULL DEFAULT '',
  `department` varchar(250) NOT NULL DEFAULT '',
  `position` varchar(250) NOT NULL DEFAULT '',
  `chief_id` int NOT NULL DEFAULT '1',
  `organization_id` int NOT NULL DEFAULT '1',
  `attributes` json NOT NULL,
  `lastUpdate` timestamp NOT NULL DEFAULT CURRENT_TIMESTAMP ON UPDATE CURRENT_TIMESTAMP,
  PRIMARY KEY (`id`),
  UNIQUE KEY `unique_fullname` (`firstName`,`lastName`,`patronymic`),
  KEY `FK_117` (`chief_id`),
  KEY `FK_131` (`organization_id`),
  CONSTRAINT `FK_117` FOREIGN KEY (`chief_id`) REFERENCES `People` (`id`),
  CONSTRAINT `FK_131` FOREIGN KEY (`organization_id`) REFERENCES `Organization` (`id`)
) ENGINE=InnoDB AUTO_INCREMENT=5 DEFAULT CHARSET=utf8mb4 COLLATE=utf8mb4_0900_ai_ci COMMENT='Таблица содержащая данные Людей участвующих в процессе';
/*!40101 SET character_set_client = @saved_cs_client */;

--
-- Dumping data for table `People`
--

LOCK TABLES `People` WRITE;
/*!40000 ALTER TABLE `People` DISABLE KEYS */;
INSERT INTO `People` VALUES (1,'','','','1900-01-01','','','',1,1,'{}','2022-03-16 12:03:21'),(2,'Василий','Лозовой','Николаевич','1982-04-08','','отдел НКО','Начальник',1,2,'{\"e_mail\": \"tatian@yandex.ru\", \"tel_work\": \"+7(863)2555253\", \"tel_mobile\": \"+7(918)5255518\"}','2022-03-16 12:03:21'),(3,'Роман','Воробьев','Николаевич','1978-06-22','','Pcb','Начальник',1,3,'{\"e_mail\": \"romakf99@yandex.ru\", \"tel_work\": \"+7(495)2216921\", \"tel_mobile\": \"+7(916)6666668\"}','2022-03-16 12:03:21'),(4,'Alex','','','1986-05-09','','sales','manager',1,4,'{\"e_mail\": \"alex@gmail.com\"}','2022-03-16 12:03:21');
/*!40000 ALTER TABLE `People` ENABLE KEYS */;
UNLOCK TABLES;

--
-- Table structure for table `Stock`
--

DROP TABLE IF EXISTS `Stock`;
/*!40101 SET @saved_cs_client     = @@character_set_client */;
/*!50503 SET character_set_client = utf8mb4 */;
CREATE TABLE `Stock` (
  `id` bigint NOT NULL AUTO_INCREMENT,
  `DeliveryRelation_Id` bigint NOT NULL,
  `Quantity` decimal(20,6) NOT NULL,
  `DateRevise` date NOT NULL,
  `WarehouseWorker_Id` int NOT NULL,
  `LastUpdate` timestamp NOT NULL DEFAULT CURRENT_TIMESTAMP ON UPDATE CURRENT_TIMESTAMP,
  PRIMARY KEY (`id`),
  KEY `FK_266` (`DeliveryRelation_Id`),
  KEY `FK_271` (`WarehouseWorker_Id`),
  CONSTRAINT `FK_266` FOREIGN KEY (`DeliveryRelation_Id`) REFERENCES `DeliveryRelation` (`id`),
  CONSTRAINT `FK_271` FOREIGN KEY (`WarehouseWorker_Id`) REFERENCES `People` (`id`)
) ENGINE=InnoDB AUTO_INCREMENT=2 DEFAULT CHARSET=utf8mb4 COLLATE=utf8mb4_0900_ai_ci COMMENT='Таблица склада содержит данные поступления товаров с определенной поставки, количество может быть (ошибочно) меньше чем отправляли.';
/*!40101 SET character_set_client = @saved_cs_client */;

--
-- Dumping data for table `Stock`
--

LOCK TABLES `Stock` WRITE;
/*!40000 ALTER TABLE `Stock` DISABLE KEYS */;
INSERT INTO `Stock` VALUES (1,1,0.000000,'2022-03-15',1,'2022-03-16 12:03:21');
/*!40000 ALTER TABLE `Stock` ENABLE KEYS */;
UNLOCK TABLES;

--
-- Table structure for table `StockSet`
--

DROP TABLE IF EXISTS `StockSet`;
/*!40101 SET @saved_cs_client     = @@character_set_client */;
/*!50503 SET character_set_client = utf8mb4 */;
CREATE TABLE `StockSet` (
  `id` bigint NOT NULL AUTO_INCREMENT,
  `Stock_Id` bigint NOT NULL,
  `QuantitySet` decimal(20,6) NOT NULL,
  `DateSet` date NOT NULL,
  `WarehouseWorker_Id` int NOT NULL,
  `DateShipment` date DEFAULT '0001-01-01',
  `Assembly_id` bigint NOT NULL DEFAULT '1',
  `LastUpdate` timestamp NOT NULL DEFAULT CURRENT_TIMESTAMP ON UPDATE CURRENT_TIMESTAMP,
  PRIMARY KEY (`id`),
  KEY `FK_286` (`Stock_Id`),
  KEY `FK_293` (`WarehouseWorker_Id`),
  KEY `FK_300` (`Assembly_id`),
  CONSTRAINT `FK_286` FOREIGN KEY (`Stock_Id`) REFERENCES `Stock` (`id`),
  CONSTRAINT `FK_293` FOREIGN KEY (`WarehouseWorker_Id`) REFERENCES `People` (`id`),
  CONSTRAINT `FK_300` FOREIGN KEY (`Assembly_id`) REFERENCES `OrderSpecification` (`id`)
) ENGINE=InnoDB AUTO_INCREMENT=2 DEFAULT CHARSET=utf8mb4 COLLATE=utf8mb4_0900_ai_ci;
/*!40101 SET character_set_client = @saved_cs_client */;

--
-- Dumping data for table `StockSet`
--

LOCK TABLES `StockSet` WRITE;
/*!40000 ALTER TABLE `StockSet` DISABLE KEYS */;
INSERT INTO `StockSet` VALUES (1,1,0.000000,'0001-01-01',1,'0001-01-01',1,'2022-03-16 12:03:21');
/*!40000 ALTER TABLE `StockSet` ENABLE KEYS */;
UNLOCK TABLES;

--
-- Table structure for table `TableSupplyModule`
--

DROP TABLE IF EXISTS `TableSupplyModule`;
/*!40101 SET @saved_cs_client     = @@character_set_client */;
/*!50503 SET character_set_client = utf8mb4 */;
CREATE TABLE `TableSupplyModule` (
  `id` bigint NOT NULL AUTO_INCREMENT,
  `OrderSp_id` bigint NOT NULL,
  `DateShipment` date DEFAULT '0001-01-01',
  `DateOfCompletion` date DEFAULT '0001-01-01',
  `Assembly_id` bigint NOT NULL,
  `Quantity` decimal(20,6) NOT NULL,
  `Description` text,
  `DateShipmentOrder` date DEFAULT '0001-01-01',
  `LastUpdate` timestamp NOT NULL DEFAULT CURRENT_TIMESTAMP ON UPDATE CURRENT_TIMESTAMP,
  PRIMARY KEY (`id`),
  KEY `FK_307` (`OrderSp_id`),
  KEY `FK_312` (`Assembly_id`),
  CONSTRAINT `FK_307` FOREIGN KEY (`OrderSp_id`) REFERENCES `OrderSpecification` (`id`),
  CONSTRAINT `FK_312` FOREIGN KEY (`Assembly_id`) REFERENCES `CommercialOfferAssembly` (`id`)
) ENGINE=InnoDB DEFAULT CHARSET=utf8mb4 COLLATE=utf8mb4_0900_ai_ci;
/*!40101 SET character_set_client = @saved_cs_client */;

--
-- Dumping data for table `TableSupplyModule`
--

LOCK TABLES `TableSupplyModule` WRITE;
/*!40000 ALTER TABLE `TableSupplyModule` DISABLE KEYS */;
/*!40000 ALTER TABLE `TableSupplyModule` ENABLE KEYS */;
UNLOCK TABLES;

--
-- Table structure for table `TypeAssembly`
--

DROP TABLE IF EXISTS `TypeAssembly`;
/*!40101 SET @saved_cs_client     = @@character_set_client */;
/*!50503 SET character_set_client = utf8mb4 */;
CREATE TABLE `TypeAssembly` (
  `id` int NOT NULL AUTO_INCREMENT,
  `NameAssembly` varchar(250) NOT NULL,
  `LastUpdate` timestamp NOT NULL DEFAULT CURRENT_TIMESTAMP ON UPDATE CURRENT_TIMESTAMP,
  PRIMARY KEY (`id`),
  UNIQUE KEY `unique_assembly` (`NameAssembly`)
) ENGINE=InnoDB AUTO_INCREMENT=5 DEFAULT CHARSET=utf8mb4 COLLATE=utf8mb4_0900_ai_ci;
/*!40101 SET character_set_client = @saved_cs_client */;

--
-- Dumping data for table `TypeAssembly`
--

LOCK TABLES `TypeAssembly` WRITE;
/*!40000 ALTER TABLE `TypeAssembly` DISABLE KEYS */;
INSERT INTO `TypeAssembly` VALUES (1,'','2022-03-16 12:03:21'),(2,'SMT','2022-03-16 12:03:21'),(3,'DIP','2022-03-16 12:03:21'),(4,'Сборка','2022-03-16 12:03:21');
/*!40000 ALTER TABLE `TypeAssembly` ENABLE KEYS */;
UNLOCK TABLES;
/*!40103 SET TIME_ZONE=@OLD_TIME_ZONE */;

/*!40101 SET SQL_MODE=@OLD_SQL_MODE */;
/*!40014 SET FOREIGN_KEY_CHECKS=@OLD_FOREIGN_KEY_CHECKS */;
/*!40014 SET UNIQUE_CHECKS=@OLD_UNIQUE_CHECKS */;
/*!40101 SET CHARACTER_SET_CLIENT=@OLD_CHARACTER_SET_CLIENT */;
/*!40101 SET CHARACTER_SET_RESULTS=@OLD_CHARACTER_SET_RESULTS */;
/*!40101 SET COLLATION_CONNECTION=@OLD_COLLATION_CONNECTION */;
/*!40111 SET SQL_NOTES=@OLD_SQL_NOTES */;

-- Dump completed on 2022-03-16 15:15:26
